"","id","group","genotype","treatment","machine","other","date","timeofday","median_speed","distance_traveled_mm_p_min","turning_angle","meander","activitytime_ST","act_bouts_ST","pause_duration_ST","numb_pause_ST","activitytime_TT","act_bouts_TT","pause_length_TT","numb_pauses_TT","centrophobism_moving","centrophobism_sitting","number_of_walks","stripe_deviation","genotype","treatment","machine","other","date","timeofday","centrophobism_moving","centrophobism_sitting","stripe_deviation"
"1","100_CSJC","CS_JC_2ndcross","CS_JC","none","A","2ndcross",2013-09-20,2013-09-30 08:26:27,17.6122386054162,510.940185142086,7.08158436814836,0.392050734356863,143.499999523163,3.14999997615814,1.5,19,138.900000095367,1.10000014305115,2.75,22,-0.168539325842697,0.255230125523013,13,13.1313398096326,"CS_JC","none","A","2ndcross",2013-09-20,2013-09-30 08:26:27,-0.168539325842697,0.255230125523013,13.1313398096326
"2","101_CSBJC","CS_JC_2ndcross","CS_JC","none","B","2ndcross",2013-09-20,2013-09-30 09:23:01,13.3093301470623,231.145092263559,11.8844266471337,0.778924701172993,135.099999904633,2.70000004768372,1.5,31,135.699999809265,2.70000004768372,2.40000009536743,25,-0.152368758002561,-0.568856885688569,3,28.0406947101943,"CS_JC","none","B","2ndcross",2013-09-20,2013-09-30 09:23:01,-0.152368758002561,-0.568856885688569,28.0406947101943
"3","102_CSJC","CS_JC_2ndcross","CS_JC","none","C","2ndcross",2013-09-20,2013-09-30 10:13:03,15.9188681804226,368.327126762829,9.29123379297157,0.556088394013322,159.299999952316,3.79999995231628,0.900000095367432,13,159.199999809265,1.10000002384186,1.45000004768372,14,0.0261780104712042,-0.540118470651589,9,18.2768605292411,"CS_JC","none","C","2ndcross",2013-09-20,2013-09-30 10:13:03,0.0261780104712042,-0.540118470651589,18.2768605292411
"4","103_CSJC","CS_JC_2ndcross","CS_JC","none","D","2ndcross",2013-09-20,2013-09-30 08:58:40,16.5038787271226,717.444774375848,7.54849732248183,0.452146881056341,273.600000619888,11.3000001907349,1.04999995231628,14,270.999999523163,17.4499999284744,1.79999995231628,11,-0.0771428571428571,0.173864894795127,15,19.308994765474,"CS_JC","none","D","2ndcross",2013-09-20,2013-09-30 08:58:40,-0.0771428571428571,0.173864894795127,19.308994765474
"5","104_CSTP","CS_TP_2ndcross","CS_TP","none","A","2ndcross",2013-09-20,2013-09-30 09:10:37,15.5501773681151,777.795393334284,6.55529887619025,0.403374778560888,291.099999666214,6.79999995231628,0.50000011920929,8,293.799999952316,97,3.04999995231628,2,0.373134328358209,0.570219966159052,23,24.2239840374919,"CS_TP","none","A","2ndcross",2013-09-20,2013-09-30 09:10:37,0.373134328358209,0.570219966159052,24.2239840374919
"6","105_CSTP","CS_TP_2ndcross","CS_TP","none","B","2ndcross",2013-09-20,2013-09-30 08:49:46,16.1131212138155,455.115116639681,7.40149444296749,0.439701168435705,150.499999761581,2.89999997615814,3,17,146.200000047684,1.60000002384186,3.5,19,-0.341463414634146,0.354883081155433,8,14.4668267592718,"CS_TP","none","B","2ndcross",2013-09-20,2013-09-30 08:49:46,-0.341463414634146,0.354883081155433,14.4668267592718
"7","106_CSTP","CS_TP_2ndcross","CS_TP","none","C","2ndcross",2013-09-20,2013-09-30 08:59:29,17.277156673772,794.539731574035,6.59162962335326,0.364812006074663,272.299999952316,16.3500000238419,1.20000004768372,9,270.600000143051,16.2000000476837,2.14999997615814,8,0.189423493714781,0.416666666666667,27,17.202591053223,"CS_TP","none","C","2ndcross",2013-09-20,2013-09-30 08:59:29,0.189423493714781,0.416666666666667,17.202591053223
"8","107_CSTP","CS_TP_2ndcross","CS_TP","none","D","2ndcross",2013-09-20,2013-09-30 09:42:54,16.1620350911724,812.967926188304,7.58395534397329,0.449498845083994,294.000000238419,39.3999998569489,1.04999995231628,4,294.000000238419,68.6000000238419,1.70000004768372,3,-0.213220475614672,0.436781609195402,14,18.5965199133404,"CS_TP","none","D","2ndcross",2013-09-20,2013-09-30 09:42:54,-0.213220475614672,0.436781609195402,18.5965199133404
"9","108_CSBVS","CS_BS_2ndcross","CS_BS","none","A","2ndcross",2013-09-20,2013-09-30 09:21:43,14.8886867875141,518.828230925096,6.35658234141153,0.386417648104623,229.199998617172,7.54999995231628,0.600000143051147,25,230.799999952316,19.2999999523163,2.35000014305115,14,-0.327348892878516,-0.33033033033033,21,6.31753109801719,"CS_BS","none","A","2ndcross",2013-09-20,2013-09-30 09:21:43,-0.327348892878516,-0.33033033033033,6.31753109801719
"10","109_CSBvs","CS_BS_2ndcross","CS_BS","none","B","2ndcross",2013-09-20,2013-09-30 08:22:38,14.2972057510056,400.366699340465,5.71643303848302,0.383611987461297,175.700000286102,5.95000004768372,1.64999997615814,16,171.399999856949,3.34999990463257,3.50000011920929,14,-0.23991195891416,-0.61219512195122,13,12.7590079631144,"CS_BS","none","B","2ndcross",2013-09-20,2013-09-30 08:22:38,-0.23991195891416,-0.61219512195122,12.7590079631144
"11","110_CSBVS","CS_BS_2ndcross","CS_BS","none","C","2ndcross",2013-09-20,2013-09-30 09:54:06,16.2253313572053,657.356597668734,6.62661860088872,0.369464125601881,256.599999666214,8.20000004768372,0.75,18,258.499999284744,8.99999988079071,1.10000014305115,11,-0.227642276422764,0.304347826086957,27,9.69669835287424,"CS_BS","none","C","2ndcross",2013-09-20,2013-09-30 09:54:06,-0.227642276422764,0.304347826086957,9.69669835287424
"12","111_CSBVS","CS_BS_2ndcross","CS_BS","none","D","2ndcross",2013-09-20,2013-09-30 09:08:58,14.0429159770682,639.790076564432,6.88606921624715,0.455291031911619,281.5,26.4499999284744,1.89999985694885,9,280.700000047684,30.1000001430511,1.80000007152557,8,-0.430630630630631,-0.102199223803364,18,11.411235717736,"CS_BS","none","D","2ndcross",2013-09-20,2013-09-30 09:08:58,-0.430630630630631,-0.102199223803364,11.411235717736
"13","112_CSJC","CS_HS_2ndcross","CS_HS","none","A","2ndcross",2013-09-20,2013-09-30 08:46:56,15.0008946453143,638.145574872642,5.94732506182075,0.370192365182958,256.000000953674,6.40000009536743,2.09999990463257,19,249.000000238419,7.70000004768372,3.09999990463257,17,-0.310378273520854,-0.404888416578108,20,14.6756503202377,"CS_HS","none","A","2ndcross",2013-09-20,2013-09-30 08:46:56,-0.310378273520854,-0.404888416578108,14.6756503202377
"14","113_CSHS","CS_HS_2ndcross","CS_HS","none","B","2ndcross",2013-09-20,2013-09-30 09:01:33,17.5043203812578,703.351363872246,5.35418828743534,0.282689515802924,236.699999332428,9.20000004768372,2.60000002384186,18,234.500000476837,11.9000000953674,2.45000004768372,20,-0.37435367114788,0.31711880261927,21,8.38196332208661,"CS_HS","none","B","2ndcross",2013-09-20,2013-09-30 09:01:33,-0.37435367114788,0.31711880261927,8.38196332208661
"15","114_CSHS","CS_HS_2ndcross","CS_HS","none","C","2ndcross",2013-09-20,2013-09-30 09:07:50,10.8642467972323,174.942796045308,9.35072789822006,0.787054728913289,160.199999809265,17.9000000953674,0.900000095367432,11,165.200000047684,28.4500000476837,7.74999988079071,4,-0.377260981912145,-0.625620207487596,6,9.58109394045136,"CS_HS","none","C","2ndcross",2013-09-20,2013-09-30 09:07:50,-0.377260981912145,-0.625620207487596,9.58109394045136
"16","115_CSHS","CS_HS_2ndcross","CS_HS","none","D","2ndcross",2013-09-20,2013-09-30 10:03:23,15.0400845157097,333.161620425231,5.9165218002113,0.361686820683991,142.499999523163,5,4.40000009536743,21,137.400000095367,4.15000009536743,5.70000004768372,22,-0.397769516728625,-0.738453554748313,9,7.07442556349231,"CS_HS","none","D","2ndcross",2013-09-20,2013-09-30 10:03:23,-0.397769516728625,-0.738453554748313,7.07442556349231
"17","116_CSTZ","CS_TZ_2ndcross","CS_TZ","none","A","2ndcross",2013-09-20,2013-09-30 09:02:35,16.4458535986374,559.448643819633,6.6415191380091,0.370782071300769,198.000000238419,11.6999999284744,0.74999988079071,10,197,9.14999997615814,1.39999985694885,9,0.436341161928307,-0.467148014440433,14,29.8137906343903,"CS_TZ","none","A","2ndcross",2013-09-20,2013-09-30 09:02:35,0.436341161928307,-0.467148014440433,29.8137906343903
"18","117_CSTZ","CS_TZ_2ndcross","CS_TZ","none","B","2ndcross",2013-09-20,2013-09-30 09:12:13,12.896540339053,60.2270539197681,11.6131908545589,0.82839549502646,35.4000000953674,1.29999995231628,4,11,35.5000002384186,0.550000071525574,11.3999998569489,19,0.323809523809524,-0.910490511994271,0,33.5986150045939,"CS_TZ","none","B","2ndcross",2013-09-20,2013-09-30 09:12:13,0.323809523809524,-0.910490511994271,33.5986150045939
"19","118_CSTZ","CS_TZ_2ndcross","CS_TZ","none","C","2ndcross",2013-09-20,2013-09-30 09:27:26,21.6350837464293,832.369508706354,5.74553668643794,0.24687917640193,268.400000095367,3.89999997615814,0.700000047683716,29,269.999999761581,7.89999997615814,1.29999995231628,19,-0.0336633663366337,0.72736520854527,31,10.5046372214744,"CS_TZ","none","C","2ndcross",2013-09-20,2013-09-30 09:27:26,-0.0336633663366337,0.72736520854527,10.5046372214744
"20","119_CSTZ","CS_TZ_2ndcross","CS_TZ","none","D","2ndcross",2013-09-20,2013-09-30 09:55:02,14.7033046398303,523.296728951988,7.74348162895568,0.491716412188396,231.200000286102,6.20000004768372,1.15000009536743,22,226.89999961853,5.39999997615814,2,21,0.380165289256198,0.141329258976318,12,27.9814019772269,"CS_TZ","none","D","2ndcross",2013-09-20,2013-09-30 09:55:02,0.380165289256198,0.141329258976318,27.9814019772269
"21","120_CSJC","CS_JC_2ndcross","CS_JC","none","A","2ndcross",2013-09-20,2013-09-30 10:33:57,16.4713165484482,641.470823147478,7.42486007117952,0.428534493326206,246.699999570847,6.20000004768372,0.799999952316284,19,241.899999380112,4.05000007152557,1.5,21,-0.0361842105263158,-0.228159457167091,15,20.9974997743612,"CS_JC","none","A","2ndcross",2013-09-20,2013-09-30 10:33:57,-0.0361842105263158,-0.228159457167091,20.9974997743612
"22","121_CSBJC","CS_JC_2ndcross","CS_JC","none","B","2ndcross",2013-09-20,2013-09-30 09:38:02,18.0458378949957,685.768451688905,7.90810690649329,0.408730368263892,255.700000047684,3.64999997615814,0.600000143051147,29,247.700000524521,2.04999995231628,1.59999990463257,21,0.1456844420011,0.314189189189189,17,24.9800270387978,"CS_JC","none","B","2ndcross",2013-09-20,2013-09-30 09:38:02,0.1456844420011,0.314189189189189,24.9800270387978
"23","122_CSJC","CS_JC_2ndcross","CS_JC","none","D","2ndcross",2013-09-20,2013-09-30 10:25:33,15.8208310468211,500.481894283826,7.42417076553079,0.450754026886577,220.900000333786,2.60000002384186,1.29999995231628,40,208.099999904633,2.10000002384186,1.79999995231628,38,-0.0747474747474747,-0.121212121212121,12,20.9233256382223,"CS_JC","none","D","2ndcross",2013-09-20,2013-09-30 10:25:33,-0.0747474747474747,-0.121212121212121,20.9233256382223
"24","123_CSBTP","CS_TP_2ndcross","CS_TP","none","A","2ndcross",2013-09-20,2013-09-30 09:45:46,15.2803956461713,491.485263007502,8.44485159234094,0.524014481848744,204.899999856949,5.24999988079071,1.44999992847443,28,193.300000190735,2,2.20000004768372,29,0.201037613488975,-0.122518822724162,12,25.3065742899313,"CS_TP","none","A","2ndcross",2013-09-20,2013-09-30 09:45:46,0.201037613488975,-0.122518822724162,25.3065742899313
"25","124_CSTP","CS_TP_2ndcross","CS_TP","none","B","2ndcross",2013-09-20,2013-09-30 10:09:59,16.9964861103179,602.665440152842,8.11011777892354,0.452995054789705,225.299999475479,11.2000000476837,1.40000009536743,15,222.100000143051,2.29999995231628,2.19999992847443,18,0.389277389277389,0.633255633255633,15,32.7917086500816,"CS_TP","none","B","2ndcross",2013-09-20,2013-09-30 10:09:59,0.389277389277389,0.633255633255633,32.7917086500816
"26","125_CSTP","CS_TP_2ndcross","CS_TP","none","C","2ndcross",2013-09-20,2013-09-30 10:32:20,15.9714383814351,772.396290471139,6.96620732727819,0.421364081933737,273.300000190735,21.6000000238419,1.70000004768372,7,270.799999713898,18.7999999523163,2.45000004768372,8,0.214921576939381,0.894409937888199,24,18.1691949282689,"CS_TP","none","C","2ndcross",2013-09-20,2013-09-30 10:32:20,0.214921576939381,0.894409937888199,18.1691949282689
"27","126_CSBVS","CS_BS_2ndcross","CS_BS","none","A","2ndcross",2013-09-20,2013-09-30 10:25:34,12.6565203927077,450.476140389751,7.69140750022963,0.555074804831785,255.599999427795,3.20000004768372,1.30000007152557,24,251.000000238419,2.59999990463257,2,23,-0.299347954949615,-0.139817629179331,15,15.4865667302054,"CS_BS","none","A","2ndcross",2013-09-20,2013-09-30 10:25:34,-0.299347954949615,-0.139817629179331,15.4865667302054
"28","127_CSBVS","CS_BS_2ndcross","CS_BS","none","B","2ndcross",2013-09-20,2013-09-30 09:58:00,17.3626962342324,710.185764991569,6.25425326649773,0.333756956969838,241.300000190735,16.7000000476837,2.75,10,238.5,11.7999999523163,4.60000014305115,11,-0.265368852459016,-0.290199809705043,17,17.4897624921563,"CS_BS","none","B","2ndcross",2013-09-20,2013-09-30 09:58:00,-0.265368852459016,-0.290199809705043,17.4897624921563
"29","128_CSTZ","CS_TZ_2ndcross","CS_TZ","none","A","2ndcross",2013-09-20,2013-09-30 10:05:28,16.4501324692721,283.521069218392,7.37160861265437,0.421996240914548,101.699999809265,45.5,46.2999999523163,3,101.599999904633,0.100000143051147,12.0499999523163,8,0.311881188118812,0.551708428246014,7,25.2873671108866,"CS_TZ","none","A","2ndcross",2013-09-20,2013-09-30 10:05:28,0.311881188118812,0.551708428246014,25.2873671108866
"30","129_CSTZ","CS_TZ_2ndcross","CS_TZ","none","B","2ndcross",2013-09-20,2013-09-30 10:26:37,15.1424400359778,550.273448655759,8.13010235415576,0.498688747101624,214.599999904633,40.5,7.29999995231628,5,215.899999856949,9.20000004768372,23.1499999761581,4,0.77560414269275,0.36600790513834,12,44.7461056581852,"CS_TZ","none","B","2ndcross",2013-09-20,2013-09-30 10:26:37,0.77560414269275,0.36600790513834,44.7461056581852
"31","130_CSTZ","CS_TZ_2ndcross","CS_TZ","none","C","2ndcross",2013-09-20,2013-09-30 10:24:54,16.4412787167993,718.485578812123,7.29914751273788,0.407903472440293,274.600000143051,7,0.799999952316284,13,276.200000286102,7.60000014305115,1.79999995231628,8,0.158931082981716,0.829885057471264,22,16.8083179973994,"CS_TZ","none","C","2ndcross",2013-09-20,2013-09-30 10:24:54,0.158931082981716,0.829885057471264,16.8083179973994
"32","131_CSTZ","CS_TZ_2ndcross","CS_TZ","none","D","2ndcross",2013-09-20,2013-09-30 10:32:51,16.4092037755439,489.699153026583,6.71172445301234,0.387694463609609,180.900000333786,19.9499999284744,4.94999992847443,8,178.899999856949,8.74999988079071,5.10000002384186,10,0.075224292615597,-0.157014157014157,11,19.1566756811405,"CS_TZ","none","D","2ndcross",2013-09-20,2013-09-30 10:32:51,0.075224292615597,-0.157014157014157,19.1566756811405
"33","132_CSJC","CS_JC_2ndcross","CS_JC","none","A","2ndcross",2013-09-26,2013-09-30 15:24:20,9.42844536286438,2.6851132046579,26.3236798557633,2.30794334355972,1.59999990463257,1.59999990463257,148.649999976158,2,2.29999995231628,0.100000023841858,26.3000001907349,9,-0.875,-0.999330431871443,0,21.1816734157854,"CS_JC","none","A","2ndcross",2013-09-26,2013-09-30 15:24:20,-0.875,-0.999330431871443,21.1816734157854
"34","133_CSJC","CS_JC_2ndcross","CS_JC","none","B","2ndcross",2013-09-26,2013-09-30 15:39:58,18.7399411333501,331.782623237523,7.33729051252688,0.370691484668902,121.499999761581,4.90000009536743,3.79999995231628,17,115.799999713898,2,5.80000019073486,17,0.1280276816609,-0.209737827715356,5,29.8512325793223,"CS_JC","none","B","2ndcross",2013-09-26,2013-09-30 15:39:58,0.1280276816609,-0.209737827715356,29.8512325793223
"35","134_CSJC","CS_JC_2ndcross","CS_JC","none","C","2ndcross",2013-09-26,2013-09-30 15:39:34,17.2576717972553,135.484593189518,6.96032395743639,0.365307322046556,57.0999999046326,1.49999988079071,1.90000009536743,25,50.8000018596649,0.5,2.69999980926514,37,-0.0523560209424084,-0.000381533765738268,3,15.2772527502777,"CS_JC","none","C","2ndcross",2013-09-26,2013-09-30 15:39:34,-0.0523560209424084,-0.000381533765738268,15.2772527502777
"36","135_CSJC","CS_JC_2ndcross","CS_JC","none","D","2ndcross",2013-09-26,2013-09-30 15:51:12,17.18182685281,353.970672780586,8.3884570042284,0.456812351803201,146.200000047684,2.44999992847443,2.79999995231628,32,137.999999046326,1.69999980926514,3.30000019073486,39,-0.315628192032686,-0.754940711462451,3,23.8520245180689,"CS_JC","none","D","2ndcross",2013-09-26,2013-09-30 15:51:12,-0.315628192032686,-0.754940711462451,23.8520245180689
"37","136_CSTP","CS_TP_2ndcross","CS_TP","none","A","2ndcross",2013-09-26,2013-09-30 16:10:36,13.2731756646973,424.555242345416,8.52774683078443,0.609718466457792,233.300000190735,8.59999990463257,0.799999952316284,21,236.099999904633,16.4000000953674,1.85000002384186,14,0.17268548916612,0.266216216216216,6,25.3070506336939,"CS_TP","none","A","2ndcross",2013-09-26,2013-09-30 16:10:36,0.17268548916612,0.266216216216216,25.3070506336939
"38","137_CSTP","CS_TP_2ndcross","CS_TP","none","B","2ndcross",2013-09-26,2013-09-30 15:23:09,16.9829145681381,622.850991547593,8.59558347505554,0.485770727881548,222.400000095367,11.8500001430511,1.89999997615814,14,217.099999427795,2.19999980926514,2.40000009536743,19,0.178888888888889,-0.0822942643391521,2,34.8280008772304,"CS_TP","none","B","2ndcross",2013-09-26,2013-09-30 15:23:09,0.178888888888889,-0.0822942643391521,34.8280008772304
"39","138_CSTP","CS_TP_2ndcross","CS_TP","none","C","2ndcross",2013-09-26,2013-09-30 15:33:06,14.9235308898783,392.965722056282,7.72771836150067,0.472080381155153,183.300000429153,4.45000004768372,2.09999990463257,27,172.099999904633,3.14999997615814,2.5,27,-0.0294820717131474,0.32837528604119,10,24.5959675571145,"CS_TP","none","C","2ndcross",2013-09-26,2013-09-30 15:33:06,-0.0294820717131474,0.32837528604119,24.5959675571145
"40","139_CSTP","CS_TP_2ndcross","CS_TP","none","D","2ndcross",2013-09-26,2013-09-30 15:40:21,12.8007164753882,87.4580423316379,8.59249405773326,0.688380249210192,50.2000000476837,3.39999985694885,15.3999999761581,12,52.8999996185303,0.100000143051147,8.20000004768372,23,0.524096385542169,-0.0408086858854362,0,57.4075510751225,"CS_TP","none","D","2ndcross",2013-09-26,2013-09-30 15:40:21,0.524096385542169,-0.0408086858854362,57.4075510751225
"41","140_CSBVS","CS_BS_2ndcross","CS_BS","none","A","2ndcross",2013-09-26,2013-09-30 15:51:34,12.391783789074,77.6762087203251,9.5036394420965,0.608776794364069,55.6000010967255,1.35000014305115,4.09999990463257,27,48,1.29999995231628,4.34999990463257,26,-0.772241992882562,-0.875091844232182,0,13.5005139699982,"CS_BS","none","A","2ndcross",2013-09-26,2013-09-30 15:51:34,-0.772241992882562,-0.875091844232182,13.5005139699982
"42","141_CSBVS","CS_BS_2ndcross","CS_BS","none","B","2ndcross",2013-09-26,2013-09-30 16:00:50,18.6025518981392,773.661032315531,6.25394667059867,0.31913564733001,250.199999809265,13.5,1.30000019073486,13,247.000000238419,14.6999999284744,3,11,-0.204249154997586,0.00858369098712446,28,9.90586707398796,"CS_BS","none","B","2ndcross",2013-09-26,2013-09-30 16:00:50,-0.204249154997586,0.00858369098712446,9.90586707398796
"43","142_CSBVS","CS_BS_2ndcross","CS_BS","none","C","2ndcross",2013-09-26,2013-09-30 16:01:43,13.6842659904406,230.145271068813,8.92326491941261,0.613838584924763,119.100000143051,2.90000009536743,1.15000009536743,34,125.899999856949,2.29999995231628,2.10000014305115,33,-0.5075,-0.882886972310486,3,10.5226309693147,"CS_BS","none","C","2ndcross",2013-09-26,2013-09-30 16:01:43,-0.5075,-0.882886972310486,10.5226309693147
"44","143_CSBVS","CS_BS_2ndcross","CS_BS","none","D","2ndcross",2013-09-26,2013-09-30 15:21:14,16.9949829504225,646.873026405487,6.10133178523599,0.318076470891064,226.099999904633,30.3000001907349,1.20000016689301,6,226.100000143051,31.5,4.79999995231628,5,-0.329113924050633,-0.457994579945799,25,6.20886752090882,"CS_BS","none","D","2ndcross",2013-09-26,2013-09-30 15:21:14,-0.329113924050633,-0.457994579945799,6.20886752090882
"45","144_CSHS","CS_HS_2ndcross","CS_HS","none","A","2ndcross",2013-09-26,2013-09-30 16:03:27,10.0338907122199,8.118342139762,8.54944825503284,0.704344454177596,7.19999980926514,1.94999992847443,89.9000000953674,5,7.59999966621399,0.899999976158142,38.2000000476837,7,0.487179487179487,-0.939946018893387,0,1.4595652168044,"CS_HS","none","A","2ndcross",2013-09-26,2013-09-30 16:03:27,0.487179487179487,-0.939946018893387,1.4595652168044
"46","145_CSHS","CS_HS_2ndcross","CS_HS","none","B","2ndcross",2013-09-26,2013-09-30 16:09:46,15.5677336848189,629.704783788046,6.80437279196662,0.409973344793065,247.200000762939,6.40000009536743,1.10000014305115,25,240.500001192093,4.10000014305115,1.59999990463257,25,-0.432377049180328,-0.0580399619410086,17,11.8776608281169,"CS_HS","none","B","2ndcross",2013-09-26,2013-09-30 16:09:46,-0.432377049180328,-0.0580399619410086,11.8776608281169
"47","146_CSHS","CS_HS_2ndcross","CS_HS","none","C","2ndcross",2013-09-26,2013-09-30 15:20:07,14.0840322402318,272.421748728588,7.40847572169154,0.486883941259843,131.100000143051,2.80000007152557,1.59999990463257,33,137.400000572205,2.70000004768372,2.69999992847443,34,-0.323851203501094,-0.414073719483006,8,11.6453075620946,"CS_HS","none","C","2ndcross",2013-09-26,2013-09-30 15:20:07,-0.323851203501094,-0.414073719483006,11.6453075620946
"48","147_CSHS","CS_HS_2ndcross","CS_HS","none","D","2ndcross",2013-09-26,2013-09-30 15:30:32,15.8151312395574,558.4526780147,7.04238392489759,0.406081024979416,211.200000047684,6.64999997615814,0.899999976158142,16,209.800000429153,10.5,1.79999995231628,11,-0.349827387802071,-0.389240506329114,19,9.27034394822262,"CS_HS","none","D","2ndcross",2013-09-26,2013-09-30 15:30:32,-0.349827387802071,-0.389240506329114,9.27034394822262
"49","148_CSTZ","CS_TZ_2ndcross","CS_TZ","none","A","2ndcross",2013-09-26,2013-09-30 15:34:15,13.5928130530715,168.549588483237,9.69674403014963,0.665763633548322,95.9000000953674,5.10000014305115,0.700000047683716,19,96.2000002861023,3.39999985694885,2.90000009536743,15,0.698046181172291,0.972131147540984,4,31.9335622777631,"CS_TZ","none","A","2ndcross",2013-09-26,2013-09-30 15:34:15,0.698046181172291,0.972131147540984,31.9335622777631
"50","149_CSTZ","CS_TZ_2ndcross","CS_TZ","none","B","2ndcross",2013-09-26,2013-09-30 15:53:59,13.1728512328921,178.341824308406,8.66349925215281,0.607274274509381,91.9999995231628,5,0.700000047683716,12,94.7999994754791,11.8499999046326,1.20000004768372,7,0.601255886970173,-0.707523245984784,3,41.3187252604016,"CS_TZ","none","B","2ndcross",2013-09-26,2013-09-30 15:53:59,0.601255886970173,-0.707523245984784,41.3187252604016
"51","150_CSTZ","CS_TZ_2ndcross","CS_TZ","none","C","2ndcross",2013-09-26,2013-09-30 15:54:48,13.6478024278198,440.705827116927,7.59915526303589,0.494750465541649,216.400000333786,5.89999985694885,1,27,213.599999666214,6.40000009536743,1.80000019073486,25,0.842141386410432,0.794307891332471,9,44.5226944114581,"CS_TZ","none","C","2ndcross",2013-09-26,2013-09-30 15:54:48,0.842141386410432,0.794307891332471,44.5226944114581
"52","151_CSTZ","CS_TZ_2ndcross","CS_TZ","none","D","2ndcross",2013-09-26,2013-09-30 16:04:02,14.0721503980028,228.789846330458,8.92620587619481,0.572267192781917,116.700000286102,4.85000002384186,1.49999988079071,16,117.499999761581,4.70000016689301,2.5,13,0.569587628865979,-0.501571621014818,3,32.9246555263059,"CS_TZ","none","D","2ndcross",2013-09-26,2013-09-30 16:04:02,0.569587628865979,-0.501571621014818,32.9246555263059
"53","152_CSJC","CS_JC_2ndcross","CS_JC","none","A","2ndcross",2013-09-26,2013-09-30 16:52:30,16.5380894148382,516.06932503155,6.96627657606253,0.397303916119254,219.499999284744,3.29999995231628,1.5,35,208.000000238419,1.79999995231628,1.75,36,-0.087525844245348,0.0905562742561449,14,17.5696036014816,"CS_JC","none","A","2ndcross",2013-09-26,2013-09-30 16:52:30,-0.087525844245348,0.0905562742561449,17.5696036014816
"54","153_CSJC","CS_JC_2ndcross","CS_JC","none","B","2ndcross",2013-09-26,2013-09-30 17:18:04,18.5930623439452,572.628467592686,7.90732258027921,0.39603868299997,208.999999523163,6.10000014305115,1.90000009536743,23,206.699999809265,7.20000004768372,2,21,0.465708687132593,0.260869565217391,14,29.9021235830513,"CS_JC","none","B","2ndcross",2013-09-26,2013-09-30 17:18:04,0.465708687132593,0.260869565217391,29.9021235830513
"55","154_CSJC","CS_JC_2ndcross","CS_JC","none","D","2ndcross",2013-09-26,2013-09-30 16:21:52,17.373294799588,420.61136459596,9.2163217838595,0.502874282920304,164.5,1.90000009536743,1.09999990463257,28,154.700000762939,1,1.95000004768372,32,0.369230769230769,0.653027823240589,9,27.530600799207,"CS_JC","none","D","2ndcross",2013-09-26,2013-09-30 16:21:52,0.369230769230769,0.653027823240589,27.530600799207
"56","155_CSTP","CS_TP_2ndcross","CS_TP","none","A","2ndcross",2013-09-26,2013-09-30 16:28:53,12.2552590588863,134.895945077424,7.27500495788935,0.528942846528109,84.0999991893768,1.04999995231628,1.40000009536743,27,87.400000333786,0.600000023841858,1.79999995231628,29,-0.0040650406504065,0.712465153325368,4,18.0133762049195,"CS_TP","none","A","2ndcross",2013-09-26,2013-09-30 16:28:53,-0.0040650406504065,0.712465153325368,18.0133762049195
"57","156_CSTP","CS_TP_2ndcross","CS_TP","none","B","2ndcross",2013-09-26,2013-09-30 16:46:27,13.8695432682906,205.694421641334,9.96756803619268,0.690287002422563,116.900000333786,2.25000011920929,2.09999990463257,35,110.599999666214,1.5,2.84999990463257,34,0.42296918767507,0.886413280908694,3,33.5675778615533,"CS_TP","none","B","2ndcross",2013-09-26,2013-09-30 16:46:27,0.42296918767507,0.886413280908694,33.5675778615533
"58","157_CSTP","CS_TP_2ndcross","CS_TP","none","C","2ndcross",2013-09-26,2013-09-30 16:16:50,15.1279127884522,368.973337222426,7.80160070467269,0.481961558077527,175.099999904633,3.59999990463257,1.95000004768372,30,169.199999570847,3.25,2.59999990463257,27,0.263157894736842,-0.20986301369863,4,24.9866166492973,"CS_TP","none","C","2ndcross",2013-09-26,2013-09-30 16:16:50,0.263157894736842,-0.20986301369863,24.9866166492973
"59","158_CSTP","CS_TP_2ndcross","CS_TP","none","D","2ndcross",2013-09-26,2013-09-30 16:37:55,13.5607805231857,285.381370454901,7.31026711705919,0.489442173852863,146.899999856949,5.59999990463257,2,21,146.599999904633,5.54999995231628,2.40000009536743,18,-0.192807192807193,0.541458541458541,3,15.0142370020877,"CS_TP","none","D","2ndcross",2013-09-26,2013-09-30 16:37:55,-0.192807192807193,0.541458541458541,15.0142370020877
"60","159_CSBVS","CS_BS_2ndcross","CS_BS","none","A","2ndcross",2013-09-26,2013-09-30 16:18:46,15.9488732220967,77.7029603577568,6.86983418594091,0.390902323516992,29.7000000476837,4.20000004768372,5.20000004768372,7,30.9999992847443,0.100000143051147,4.5,23,-0.327433628318584,-0.944544472452287,1,9.10855154190096,"CS_BS","none","A","2ndcross",2013-09-26,2013-09-30 16:18:46,-0.327433628318584,-0.944544472452287,9.10855154190096
"61","160_CSBVS","CS_BS_2ndcross","CS_BS","none","B","2ndcross",2013-09-26,2013-09-30 16:53:40,15.0347299087798,520.230401147341,7.36613693692279,0.456857414870744,219.500000238419,2.20000004768372,3,17,212.299999952316,1.25,1.94999992847443,22,-0.291543465405086,0.0503048780487805,21,13.868473169487,"CS_BS","none","B","2ndcross",2013-09-26,2013-09-30 16:53:40,-0.291543465405086,0.0503048780487805,13.868473169487
"62","161_CSBVS","CS_BS_2ndcross","CS_BS","none","C","2ndcross",2013-09-26,2013-09-30 16:59:27,15.7232035718447,595.534334691356,5.93748741446141,0.346972605190587,251.399999856949,6.54999995231628,0.700000047683716,32,246.200000762939,6,2.09999990463257,23,-0.337655321447866,-0.116319444444444,24,5.01164748291997,"CS_BS","none","C","2ndcross",2013-09-26,2013-09-30 16:59:27,-0.337655321447866,-0.116319444444444,5.01164748291997
"63","162_CSBVS","CS_BS_2ndcross","CS_BS","none","D","2ndcross",2013-09-26,2013-09-30 16:30:34,12.1110405834992,333.200286394518,9.05055056779689,0.680284700880964,202.699999094009,6.79999995231628,1.95000004768372,26,205.299999713898,8.09999990463257,4.64999997615814,18,-0.350943396226415,-0.625744934445769,5,10.336436333976,"CS_BS","none","D","2ndcross",2013-09-26,2013-09-30 16:30:34,-0.350943396226415,-0.625744934445769,10.336436333976
"64","163_CSHS","CS_HS_2ndcross","CS_HS","none","A","2ndcross",2013-09-26,2013-09-30 16:35:04,17.4641019102159,632.053621480787,4.79733887676836,0.259035057912813,221.799999952316,5.59999990463257,1.29999995231628,28,228.199999094009,1.70000004768372,2.45000004768372,22,-0.34979896611143,0.55784469096672,18,10.3529003145867,"CS_HS","none","A","2ndcross",2013-09-26,2013-09-30 16:35:04,-0.34979896611143,0.55784469096672,10.3529003145867
"65","164_CSHS","CS_HS_2ndcross","CS_HS","none","B","2ndcross",2013-09-26,2013-09-30 16:37:36,15.7305993278718,559.048862082611,6.53218858848439,0.389811300535629,209.89999961853,7.44999992847443,2.30000019073486,17,204.800000190735,5.85000002384186,3.10000014305115,21,-0.52463768115942,-0.538341158059468,12,14.8927065011003,"CS_HS","none","B","2ndcross",2013-09-26,2013-09-30 16:37:36,-0.52463768115942,-0.538341158059468,14.8927065011003
"66","165_CSHS","CS_HS_2ndcross","CS_HS","none","C","2ndcross",2013-09-26,2013-09-30 16:50:05,15.5248581155334,453.5537650841,5.70436601226108,0.353531577046299,183.999999284744,6.45000004768372,2,27,178.099999904633,6.20000004768372,2.30000007152557,28,-0.265536723163842,0.0787649653434152,17,11.6404670949391,"CS_HS","none","C","2ndcross",2013-09-26,2013-09-30 16:50:05,-0.265536723163842,0.0787649653434152,11.6404670949391
"67","166_CSHS","CS_HS_2ndcross","CS_HS","none","D","2ndcross",2013-09-26,2013-09-30 16:51:05,13.9382326282351,278.150114051533,6.71179299384564,0.458804864268514,126.099999666214,5.65000009536743,5.90000009536743,16,125.299999475479,4.34999990463257,4.60000002384186,18,-0.263267429760666,-0.545543584720862,5,28.0863413503429,"CS_HS","none","D","2ndcross",2013-09-26,2013-09-30 16:51:05,-0.263267429760666,-0.545543584720862,28.0863413503429
"68","167_CSBVS","CS_BS_2ndcross","CS_BS","none","D","2ndcross",2013-09-26,2013-09-30 17:00:15,16.3899069771836,677.050996325461,7.36328613996342,0.406374287133994,262.800000429153,14.2999999523163,0.599999904632568,13,259.800000667572,23.9000000953674,1.99999988079071,10,-0.249136655155402,-0.217213114754098,23,12.9404438801995,"CS_BS","none","D","2ndcross",2013-09-26,2013-09-30 17:00:15,-0.249136655155402,-0.217213114754098,12.9404438801995
"69","168_CSTP","CS_TP_2ndcross","CS_TP","none","C","2ndcross",2013-09-26,2013-09-30 17:07:49,15.3533193447345,547.891916727424,8.26416841852215,0.520423355055637,233.200000286102,8.85000002384186,1.09999990463257,20,229.200000047684,2.80000007152557,1.94999992847443,20,0.318260869565217,0.663536776212833,10,32.8215608323941,"CS_TP","none","C","2ndcross",2013-09-26,2013-09-30 17:07:49,0.318260869565217,0.663536776212833,32.8215608323941
"70","169_CS_TP","CS_TP_1stcross","CS_TP","none","old","1stcross",2012-02-08,2013-09-30 13:43:18,13.9860613418418,556.033154851283,8.93633447067753,0.604247867771074,251.099999904633,4.69999992847443,2,13,249.799999475479,3.5,2.19999980926514,15,0.0541666666666667,0.427516158818098,5,35.1124123156597,"CS_TP","none","old","1stcross",2012-02-08,2013-09-30 13:43:18,0.0541666666666667,0.427516158818098,35.1124123156597
"71","170_CS_TZ","CS_TZ_1stcross","CS_TZ","none","old","1stcross",2012-02-08,2013-09-30 15:22:47,15.7133788364596,660.882492238836,6.44382644876196,0.38673067581611,232.499999761581,25.3999998569489,0.799999952316284,8,232.999999284744,34.0999999046326,5.65000009536743,6,0.575435203094778,0.993582887700535,14,32.2780483587461,"CS_TZ","none","old","1stcross",2012-02-08,2013-09-30 15:22:47,0.575435203094778,0.993582887700535,32.2780483587461
"72","171_CS_HS","CS_HS_1stcross","CS_HS","none","old","1stcross",2012-02-08,2013-09-30 15:37:42,14.8241083709611,680.4752858563,6.19142561827406,0.403576456466198,272.799999713898,16.0499999523163,1.79999995231628,7,271.599999904633,15.6499999761581,3.40000009536743,7,-0.449800973020787,-0.175202156334232,17,17.8513724778289,"CS_HS","none","old","1stcross",2012-02-08,2013-09-30 15:37:42,-0.449800973020787,-0.175202156334232,17.8513724778289
"73","172_CS_BvS","CS_BS_1stcross","CS_BS","none","old","1stcross",2012-02-08,2013-09-30 13:31:30,15.3984863785534,554.777162035534,7.11899523768906,0.437696172642168,224.399999856949,11.2999999523163,0.649999976158142,20,225.5,15.2000000476837,2.20000004768372,13,-0.297297297297297,0.553382233088835,12,9.7803069003466,"CS_BS","none","old","1stcross",2012-02-08,2013-09-30 13:31:30,-0.297297297297297,0.553382233088835,9.7803069003466
"74","173_CS_JC","CS_JC_1stcross","CS_JC","none","old","1stcross",2012-02-08,2013-09-30 15:30:48,16.0355542723388,596.558487636564,7.40057494727289,0.457856203965189,222.799999952316,8.39999985694885,5.65000009536743,6,223.200000047684,2.89999985694885,5.04999995231628,8,-0.0584450402144772,-0.391915641476274,13,17.7606835631277,"CS_JC","none","old","1stcross",2012-02-08,2013-09-30 15:30:48,-0.0584450402144772,-0.391915641476274,17.7606835631277
"75","174_CS_TP","CS_TP_1stcross","CS_TP","none","old","1stcross",2012-02-08,2013-09-30 16:15:10,16.9615155403158,586.769065110316,6.69890688993955,0.379371592967417,219.10000038147,5.35000002384186,1.60000002384186,22,215.100000143051,3.09999990463257,2.5,21,0.185882352941176,0.769408147578786,15,20.1341557622766,"CS_TP","none","old","1stcross",2012-02-08,2013-09-30 16:15:10,0.185882352941176,0.769408147578786,20.1341557622766
"76","175_CS_TZ","CS_TZ_1stcross","CS_TZ","none","old","1stcross",2012-02-08,2013-09-30 16:08:17,14.574637974647,638.596364234361,6.4924572837081,0.421542523805511,265.400000095367,10.9500000476837,0.700000047683716,17,264.599999666214,12.6000000238419,1.80000019073486,11,0.279411764705882,0.920193470374849,17,23.5823534106456,"CS_TZ","none","old","1stcross",2012-02-08,2013-09-30 16:08:17,0.279411764705882,0.920193470374849,23.5823534106456
"77","176_CS_HS","CS_HS_1stcross","CS_HS","none","old","1stcross",2012-02-08,2013-09-30 16:36:24,14.6670790517895,715.948586365928,5.74718080493435,0.375508947635175,278.599999666214,5.89999985694885,1.44999992847443,10,276.299999713898,1.70000004768372,2.44999992847443,8,-0.216922438822066,0.310810810810811,26,10.6898647178656,"CS_HS","none","old","1stcross",2012-02-08,2013-09-30 16:36:24,-0.216922438822066,0.310810810810811,10.6898647178656
"78","177_CS_BvS","CS_BS_1stcross","CS_BS","none","old","1stcross",2012-02-08,2013-09-30 16:30:26,11.1831816083075,295.564621064767,8.58954758151047,0.685841999534026,180.39999961853,5.99999988079071,1.19999980926514,17,179.700000524521,4.65000009536743,2,13,-0.0699186991869919,0.692047377326565,9,15.9578942277832,"CS_BS","none","old","1stcross",2012-02-08,2013-09-30 16:30:26,-0.0699186991869919,0.692047377326565,15.9578942277832
"79","178_CS_JC","CS_JC_1stcross","CS_JC","none","old","1stcross",2012-02-08,2013-09-30 16:54:30,14.7949501262042,384.365226442062,9.2281043930391,0.603128895196999,172.900000095367,2.30000019073486,1.34999990463257,26,167.299999713898,0.799999952316284,2.30000007152557,36,-0.269139700078927,-0.615207373271889,7,23.9289368479023,"CS_JC","none","old","1stcross",2012-02-08,2013-09-30 16:54:30,-0.269139700078927,-0.615207373271889,23.9289368479023
"80","179_CS_TP","CS_TP_1stcross","CS_TP","none","old","1stcross",2012-02-08,2013-09-30 17:13:31,16.4348856326745,669.850566791902,7.74726465294654,0.459000285174351,246.400000572205,12.1500000953674,1.79999995231628,14,245.000000238419,2.20000004768372,2.70000004768372,17,0.746633416458853,0.993975903614458,16,33.7912786489766,"CS_TP","none","old","1stcross",2012-02-08,2013-09-30 17:13:31,0.746633416458853,0.993975903614458,33.7912786489766
"81","180_CS_TZ","CS_TZ_1stcross","CS_TZ","none","old","1stcross",2012-02-08,2013-09-30 17:35:57,15.2678025456772,658.786259689126,6.88104840212131,0.430705840286032,267.099999427795,8.89999997615814,1,11,270.499999284744,5.79999995231628,2.65000009536743,6,-0.0336763330215154,0.780346820809249,24,20.1212475582819,"CS_TZ","none","old","1stcross",2012-02-08,2013-09-30 17:35:57,-0.0336763330215154,0.780346820809249,20.1212475582819
"82","181_CS_HS","CS_HS_1stcross","CS_HS","none","old","1stcross",2012-02-08,2013-09-30 17:20:10,12.1481770958885,404.423814380178,8.78116273438554,0.677023741220986,243.300000190735,2.45000004768372,0.900000095367432,39,234.799999713898,1.84999990463257,1.40000009536743,33,-0.445,-0.194583036350677,13,12.4400911273408,"CS_HS","none","old","1stcross",2012-02-08,2013-09-30 17:20:10,-0.445,-0.194583036350677,12.4400911273408
"83","182_CS_BvS","CS_BS_1stcross","CS_BS","none","old","1stcross",2012-02-08,2013-09-30 17:05:12,15.8763161051239,634.584673431693,6.43990850421539,0.38549290883165,238.899999856949,5,1.39999985694885,19,228.700000524521,4.10000014305115,2.09999990463257,19,-0.285063291139241,-0.398832684824903,25,17.2965222280525,"CS_BS","none","old","1stcross",2012-02-08,2013-09-30 17:05:12,-0.285063291139241,-0.398832684824903,17.2965222280525
"84","183_CS_JC","CS_JC_1stcross","CS_JC","none","old","1stcross",2012-02-08,2013-09-30 17:30:23,17.9710045683641,555.869889398988,7.13189279917971,0.376794812870016,191.89999961853,4.09999990463257,1.79999995231628,19,189.900000333786,1.60000014305115,2.54999995231628,20,0.263427109974425,0.299513551077137,13,18.3539034238629,"CS_JC","none","old","1stcross",2012-02-08,2013-09-30 17:30:23,0.263427109974425,0.299513551077137,18.3539034238629
"85","184_CS_TP","CS_TP_1stcross","CS_TP","none","old","1stcross",2012-02-09,2013-09-30 15:52:25,15.1926234899312,556.46302233439,6.77113261487924,0.432411509841257,246.799999952316,3.79999995231628,1.60000002384186,28,241.899999380112,3.69999980926514,2.45000004768372,22,0.20920278223649,0.948853615520282,15,20.9337305934721,"CS_TP","none","old","1stcross",2012-02-09,2013-09-30 15:52:25,0.20920278223649,0.948853615520282,20.9337305934721
"86","185_CS_TZ","CS_TZ_1stcross","CS_TZ","none","old","1stcross",2012-02-09,2013-09-30 15:30:30,13.8707038952616,438.424073397054,7.11403424692704,0.487625703070216,215.099999904633,4.74999988079071,0.600000023841858,18,221.39999961853,11.2999999523163,3.15000009536743,10,0.430582213691619,0.911111111111111,11,23.3452290191311,"CS_TZ","none","old","1stcross",2012-02-09,2013-09-30 15:30:30,0.430582213691619,0.911111111111111,23.3452290191311
"87","186_CS_HS","CS_HS_1stcross","CS_HS","none","old","1stcross",2012-02-09,2013-09-30 16:21:12,12.4101177650872,657.520093019186,7.62688198473517,0.572545843045144,297.599999904633,148.799999952316,1.29999995231628,1,298.099999666214,149.049999833107,1.80000019073486,1,-0.345579793340987,0.512820512820513,24,9.69587481916629,"CS_HS","none","old","1stcross",2012-02-09,2013-09-30 16:21:12,-0.345579793340987,0.512820512820513,9.69587481916629
"88","187_CS_BvS","CS_BS_1stcross","CS_BS","none","old","1stcross",2012-02-09,2013-09-30 16:01:10,15.7580685195642,763.403703583431,5.65631153771579,0.34915658598164,288.600000143051,50.6499999761581,0.700000047683716,5,287.300000190735,50.5,1.20000004768372,5,-0.213262382316824,0.935714285714286,30,13.7399876835485,"CS_BS","none","old","1stcross",2012-02-09,2013-09-30 16:01:10,-0.213262382316824,0.935714285714286,13.7399876835485
"89","188_CS_JC","CS_JC_1stcross","CS_JC","none","old","1stcross",2012-02-09,2013-09-30 16:12:55,12.9252977266091,476.95363174217,7.96607786778596,0.583992713771728,241.400000095367,1.65000009536743,1.39999985694885,21,242.700000047684,0.700000047683716,2.5,17,0.291278113000549,-0.120338983050847,9,22.16446903001,"CS_JC","none","old","1stcross",2012-02-09,2013-09-30 16:12:55,0.291278113000549,-0.120338983050847,22.16446903001
"90","189_CS_TP","CS_TP_1stcross","CS_TP","none","old","1stcross",2012-02-09,2013-09-30 16:45:40,17.4087822680564,744.896173688111,6.21220379364394,0.346262545611655,258.299999713898,14.5,2.19999992847443,14,256.199999809265,16.2999999523163,2.70000004768372,12,0.211151736745887,0.550920245398773,15,20.5182451485512,"CS_TP","none","old","1stcross",2012-02-09,2013-09-30 16:45:40,0.211151736745887,0.550920245398773,20.5182451485512
"91","190_CS_TZ","CS_TZ_1stcross","CS_TZ","none","old","1stcross",2012-02-09,2013-09-30 16:52:37,15.0502560264147,606.250439919312,6.38657006652261,0.408078175215557,259.000000715256,8.00000011920929,1,19,258.999999523163,7.90000009536743,1.75,14,0.558312655086849,0.939271255060729,15,31.3899359661028,"CS_TZ","none","old","1stcross",2012-02-09,2013-09-30 16:52:37,0.558312655086849,0.939271255060729,31.3899359661028
"92","191_CS_HS","CS_HS_1stcross","CS_HS","none","old","1stcross",2012-02-09,2013-09-30 16:34:45,15.8570062030155,791.709265423154,6.9471318395173,0.414790024488993,288.299999952316,16.5999999046326,1.30000007152557,8,287.200000047684,5.40000009536743,2.04999995231628,6,-0.283702213279678,0.617760617760618,28,7.47051291667383,"CS_HS","none","old","1stcross",2012-02-09,2013-09-30 16:34:45,-0.283702213279678,0.617760617760618,7.47051291667383
"93","192_CS_BvS","CS_BS_1stcross","CS_BS","none","old","1stcross",2012-02-09,2013-09-30 16:27:36,13.6143037974351,420.935143689682,7.25404746962806,0.513931228995251,210.499999761581,11.2999999523163,0.5,15,212.699999809265,15.3999998569489,1.5,7,0.0802919708029197,0.422459893048128,13,21.5541429648338,"CS_BS","none","old","1stcross",2012-02-09,2013-09-30 16:27:36,0.0802919708029197,0.422459893048128,21.5541429648338
"94","193_CS_JC","CS_JC_1stcross","CS_JC","none","old","1stcross",2012-02-09,2013-09-30 17:05:11,15.5107530726868,593.624786662022,7.1404220133163,0.453116313214436,245.099999666214,6.14999997615814,1,23,234.900000333786,4.24999988079071,2.10000014305115,25,0.0180319422977846,0.828625235404896,14,18.7941380708517,"CS_JC","none","old","1stcross",2012-02-09,2013-09-30 17:05:11,0.0180319422977846,0.828625235404896,18.7941380708517
"95","194_CS_TP","CS_TP_1stcross","CS_TP","none","old","1stcross",2012-02-10,2013-09-30 10:59:39,14.1681274381769,563.512015717294,7.0077829448226,0.460784262021853,247.800000429153,14.5,1.44999992847443,14,244.5,11.2999999523163,2.79999995231628,11,0.52317880794702,0.936538461538462,15,33.4719004512227,"CS_TP","none","old","1stcross",2012-02-10,2013-09-30 10:59:39,0.52317880794702,0.936538461538462,33.4719004512227
"96","195_CS_TZ","CS_TZ_1stcross","CS_TZ","none","old","1stcross",2012-02-10,2013-09-30 11:06:24,14.6663519437285,682.978312554429,7.46124693011753,0.480418040098223,275.899999856949,7.39999997615814,1.29999995231628,15,279.499999761581,17.2999999523163,2.14999985694885,10,-0.259555555555556,0.596281540504648,18,13.1299451149424,"CS_TZ","none","old","1stcross",2012-02-10,2013-09-30 11:06:24,-0.259555555555556,0.596281540504648,13.1299451149424
"97","196_CS_HS","CS_HS_1stcross","CS_HS","none","old","1stcross",2012-02-10,2013-09-30 10:42:45,13.5058142393924,573.892685992516,6.27579120270232,0.442208853240885,261.5,9.29999995231628,1.5,17,255.799999713898,7.25000011920929,2.20000004768372,15,-0.462601238685088,-0.382743362831858,15,7.92803180006393,"CS_HS","none","old","1stcross",2012-02-10,2013-09-30 10:42:45,-0.462601238685088,-0.382743362831858,7.92803180006393
"98","197_CS_BvS","CS_BS_1stcross","CS_BS","none","old","1stcross",2012-02-10,2013-09-30 10:50:00,15.2213085009754,539.031382152143,7.42574743275704,0.443035885601615,237,9.30000007152557,1.40000009536743,21,229.299999713898,7.09999990463257,2.04999995231628,22,0.0206185567010309,0.422434367541766,16,15.4915276674988,"CS_BS","none","old","1stcross",2012-02-10,2013-09-30 10:50:00,0.0206185567010309,0.422434367541766,15.4915276674988
"99","198_CS_JC","CS_JC_1stcross","CS_JC","none","old","1stcross",2012-02-10,2013-09-30 10:36:13,13.2535657698742,274.934814576661,9.19574347741408,0.639295030134665,151.400000333786,2.20000004768372,1.20000004768372,40,148.599999189377,2.29999995231628,2.14999997615814,34,0.137137137137137,0.424287856071964,7,21.0141874199983,"CS_JC","none","old","1stcross",2012-02-10,2013-09-30 10:36:13,0.137137137137137,0.424287856071964,21.0141874199983
"100","199_CS_TP","CS_TP_1stcross","CS_TP","none","old","1stcross",2012-02-10,2013-09-30 14:24:20,14.9096469870944,484.66424031201,7.75673005675096,0.476599462289893,200.799999475479,7.39999985694885,0.950000047683716,12,200.900000810623,6.60000014305115,3.5,13,0.648612945838838,0.994627266621894,12,26.8279499952733,"CS_TP","none","old","1stcross",2012-02-10,2013-09-30 14:24:20,0.648612945838838,0.994627266621894,26.8279499952733
"101","200_CS_TZ","CS_TZ_1stcross","CS_TZ","none","old","1stcross",2012-02-10,2013-09-30 14:38:19,16.0680385801493,702.825041046256,6.68848580849302,0.401627950625269,267.600000143051,20.2999999523163,1.40000009536743,11,265.10000038147,19.6000001430511,2.19999980926514,11,0.510483135824977,0.601977750309023,22,33.6748834204137,"CS_TZ","none","old","1stcross",2012-02-10,2013-09-30 14:38:19,0.510483135824977,0.601977750309023,33.6748834204137
"102","201_CS_HS","CS_HS_1stcross","CS_HS","none","old","1stcross",2012-02-10,2013-09-30 14:30:38,14.4832039659653,754.354713938075,6.62876933816972,0.421635591370482,294.799999952316,56.4500000476837,0.299999952316284,3,294.599999904633,112.299999952316,2.64999997615814,2,-0.230583501006036,0.467181467181467,30,13.3986182287984,"CS_HS","none","old","1stcross",2012-02-10,2013-09-30 14:30:38,-0.230583501006036,0.467181467181467,13.3986182287984
"103","202_CS_BvS","CS_BS_1stcross","CS_BS","none","old","1stcross",2012-02-10,2013-09-30 13:58:48,15.2213085009739,539.031382152142,7.4257474327536,0.443035885601516,237,9.30000007152557,1.40000009536743,21,229.299999713898,7.09999990463257,2.04999995231628,22,0.0206185567010309,0.422434367541766,16,15.4915276674989,"CS_BS","none","old","1stcross",2012-02-10,2013-09-30 13:58:48,0.0206185567010309,0.422434367541766,15.4915276674989
"104","203_CS_JC","CS_JC_1stcross","CS_JC","none","old","1stcross",2012-02-10,2013-09-30 14:17:49,15.2517515323621,311.501907277257,7.58032209687255,0.466006067567697,123.299999475479,1.79999995231628,2.80000019073486,11,120.39999961853,0.5,2.80000019073486,19,0.0103092783505155,-0.367437284800787,5,27.8961503691549,"CS_JC","none","old","1stcross",2012-02-10,2013-09-30 14:17:49,0.0103092783505155,-0.367437284800787,27.8961503691549
"105","204_CS_TP","CS_TP_1stcross","CS_TP","none","old","1stcross",2012-02-10,2013-09-30 14:45:28,16.9648577349621,775.355013396099,6.66799909914018,0.383213239483862,270.200000762939,4.10000014305115,0.949999928474426,12,273.300000190735,5.29999995231628,1.89999985694885,8,0.7559088955737,0.997041420118343,21,39.2523510566589,"CS_TP","none","old","1stcross",2012-02-10,2013-09-30 14:45:28,0.7559088955737,0.997041420118343,39.2523510566589
"106","205_CS_TZ","CS_TZ_1stcross","CS_TZ","none","old","1stcross",2012-02-10,2013-09-30 15:13:59,14.3828497346718,715.622363597132,7.01471826081422,0.464575566237605,284.499999761581,26.4999998807907,1.29999995231628,9,285.100000143051,31.1499999761581,1.60000014305115,7,0.375863470134092,0.509225092250922,18,31.0596642617842,"CS_TZ","none","old","1stcross",2012-02-10,2013-09-30 15:13:59,0.375863470134092,0.509225092250922,31.0596642617842
"107","206_CS_HS","CS_HS_1stcross","CS_HS","none","old","1stcross",2012-02-10,2013-09-30 15:07:15,15.5039494984278,741.47179073839,6.57782893876535,0.408625825326699,287.200000286102,20.1000000238419,1.04999995231628,8,287.400000095367,26.3000000715256,1.70000004768372,5,-0.250624479600333,0.773710482529118,28,7.77933022231245,"CS_HS","none","old","1stcross",2012-02-10,2013-09-30 15:07:15,-0.250624479600333,0.773710482529118,7.77933022231245
"108","207_CS_BvS","CS_BS_1stcross","CS_BS","none","old","1stcross",2012-02-10,2013-09-30 15:00:51,17.4426355985684,806.905631164497,6.43341347623262,0.36104179471784,292.699999809265,25.3500000238419,0.599999904632568,9,294.600000143051,36.5500000715256,1.20000004768372,3,-0.23651804670913,0.537037037037037,30,15.2822500219238,"CS_BS","none","old","1stcross",2012-02-10,2013-09-30 15:00:51,-0.23651804670913,0.537037037037037,15.2822500219238
"109","208_CS_JC","CS_JC_1stcross","CS_JC","none","old","1stcross",2012-02-10,2013-09-30 14:54:22,15.593469452031,502.76255025325,7.6032156943089,0.479925319695238,204,2.70000004768372,1.5,31,191.599999189377,1.40000009536743,2.35000002384186,34,-0.166769993800372,0.171223021582734,7,20.3697071308093,"CS_JC","none","old","1stcross",2012-02-10,2013-09-30 14:54:22,-0.166769993800372,0.171223021582734,20.3697071308093
"110","209_CS_TZ","CS_TZ_1stcross","CS_TZ","none","old","1stcross",2012-02-10,2013-09-30 16:04:57,15.1570318704341,747.246367868491,6.1732754759565,0.385911109862655,278.599999666214,18,1.5,11,279.5,40.3999998569489,2.35000002384186,8,-0.152361396303901,0.197183098591549,23,19.3162290967032,"CS_TZ","none","old","1stcross",2012-02-10,2013-09-30 16:04:57,-0.152361396303901,0.197183098591549,19.3162290967032
"111","210_CS_HS","CS_HS_1stcross","CS_HS","none","old","1stcross",2012-02-10,2013-09-30 15:20:44,15.5985154603897,732.878368031765,5.39055322108535,0.337422601952481,280.499999046326,13.4499999284744,0.700000047683716,13,280.400000095367,7.5,1.50000011920929,10,-0.413617021276596,0.571209800918836,16,5.58068833433622,"CS_HS","none","old","1stcross",2012-02-10,2013-09-30 15:20:44,-0.413617021276596,0.571209800918836,5.58068833433622
"112","211_CS_BvS","CS_BS_1stcross","CS_BS","none","old","1stcross",2012-02-10,2013-09-30 16:10:47,15.2877431305803,686.477109679074,6.889984026077,0.427069336451013,278.499999284744,11.9499999284744,0.800000190734863,9,277.89999961853,7.64999997615814,1.20000004768372,7,-0.158937415578568,0.744245524296675,27,15.688839015729,"CS_BS","none","old","1stcross",2012-02-10,2013-09-30 16:10:47,-0.158937415578568,0.744245524296675,15.688839015729
"113","212_CS_JC","CS_JC_1stcross","CS_JC","none","old","1stcross",2012-02-10,2013-09-30 16:51:12,13.007658246615,383.181077686046,9.52977684732889,0.730930084347782,209.599999189377,3,1.10000014305115,43,197.599999666214,2.79999995231628,1.60000014305115,36,0.465530596436871,0.448598130841121,7,33.9934476835407,"CS_JC","none","old","1stcross",2012-02-10,2013-09-30 16:51:12,0.465530596436871,0.448598130841121,33.9934476835407
"114","213_CS_TP","CS_TP_1stcross","CS_TP","none","old","1stcross",2012-03-06,2013-09-30 16:27:40,14.7416402568822,451.048783919421,7.51605349570197,0.461937766751148,207,3,1.89999985694885,29,197.899999856949,2.30000019073486,2.70000004768372,29,0.226165622825331,0.722860791826309,13,14.041224568244,"CS_TP","none","old","1stcross",2012-03-06,2013-09-30 16:27:40,0.226165622825331,0.722860791826309,14.041224568244
"115","214_CS_TZ","CS_TZ_1stcross","CS_TZ","none","old","1stcross",2012-03-06,2013-09-30 17:06:47,14.8570179858551,153.714147428295,6.99288591777125,0.460303685191998,65.8999998569489,2.84999990463257,1.70000004768372,13,64.5999999046326,0.900000095367432,4,19,-0.122736418511066,-0.754189944134078,5,16.9637882838162,"CS_TZ","none","old","1stcross",2012-03-06,2013-09-30 17:06:47,-0.122736418511066,-0.754189944134078,16.9637882838162
"116","215_CS_HS","CS_HS_1stcross","CS_HS","none","old","1stcross",2012-03-06,2013-09-30 16:12:35,16.940170595562,609.761060707261,5.73439199896091,0.309234196342585,227.700000524521,5.05000007152557,1.95000004768372,24,221.000000238419,2.94999992847443,2.04999995231628,28,-0.302804808242702,0.25,15,10.4700679550626,"CS_HS","none","old","1stcross",2012-03-06,2013-09-30 16:12:35,-0.302804808242702,0.25,10.4700679550626
"117","216_CS_BvS","CS_BS_1stcross","CS_BS","none","old","1stcross",2012-03-06,2013-09-30 16:05:35,15.53811915283,254.093479825828,5.91003075404304,0.318666779568662,109.499999761581,3.10000014305115,3,27,105.899999856949,1.94999992847443,2.95000004768372,34,-0.273885350318471,-0.48331830477908,8,8.85479154260985,"CS_BS","none","old","1stcross",2012-03-06,2013-09-30 16:05:35,-0.273885350318471,-0.48331830477908,8.85479154260985
"118","217_CS_JC","CS_JC_1stcross","CS_JC","none","old","1stcross",2012-03-06,2013-09-30 16:21:37,15.6009077271207,472.268243911841,5.94821413651322,0.354398927192689,196.299999952316,2.59999990463257,2.10000002384186,28,191.89999961853,2.25,2,27,0.257452574525745,0.115913555992141,13,21.348825351173,"CS_JC","none","old","1stcross",2012-03-06,2013-09-30 16:21:37,0.257452574525745,0.115913555992141,21.348825351173
"119","218_CS_TZ","CS_TZ_1stcross","CS_TZ","none","old","1stcross",2012-03-06,2013-09-30 17:46:30,12.3028169715135,319.51574871508,7.40968765648756,0.550202606706979,158.499999761581,2.59999990463257,3.40000009536743,15,159.199999332428,0.600000023841858,3.40000009536743,23,-0.348837209302326,-0.480822679266259,10,10.8794264304886,"CS_TZ","none","old","1stcross",2012-03-06,2013-09-30 17:46:30,-0.348837209302326,-0.480822679266259,10.8794264304886
"120","219_CS_HS","CS_HS_1stcross","CS_HS","none","old","1stcross",2012-03-06,2013-09-30 17:26:35,18.2970170343802,655.605200600505,5.76144742061993,0.293103015999451,211.099999666214,5.35000002384186,2.34999990463257,20,204.400000333786,3.95000004768372,2.94999992847443,22,-0.288212069937958,0.0699186991869919,24,9.39967312426825,"CS_HS","none","old","1stcross",2012-03-06,2013-09-30 17:26:35,-0.288212069937958,0.0699186991869919,9.39967312426825
"121","220_CS_BvS","CS_BS_1stcross","CS_BS","none","old","1stcross",2012-03-06,2013-09-30 17:19:47,18.7131720503526,327.195735544103,5.5394947217536,0.289370593499909,114.700000047684,2.70000004768372,3.70000004768372,23,106.499999761581,1.95000004768372,4.39999997615814,28,0.252873563218391,0.142991092358181,8,35.4813305758405,"CS_BS","none","old","1stcross",2012-03-06,2013-09-30 17:19:47,0.252873563218391,0.142991092358181,35.4813305758405
"122","221_CS_JC","CS_JC_1stcross","CS_JC","none","old","1stcross",2012-03-06,2013-09-30 17:53:48,11.2325149772236,102.402895256395,10.7560737491035,0.91685058135311,68.9999997615814,0.950000047683716,2.94999992847443,34,77.0000004768372,0.700000047683716,3,41,0.22969837587007,0.560653188180404,2,36.0606857231556,"CS_JC","none","old","1stcross",2012-03-06,2013-09-30 17:53:48,0.22969837587007,0.560653188180404,36.0606857231556
"123","222_CS_TP","CS_TP_1stcross","CS_TP","none","old","1stcross",2012-03-06,2013-09-30 17:13:08,14.55218066482,550.325361979437,8.49468140217457,0.548842507054978,242.599999666214,2,1.79999995231628,14,241.300000667572,1.5,2.35000002384186,16,0.412602739726027,0.514431239388795,10,27.7962222836705,"CS_TP","none","old","1stcross",2012-03-06,2013-09-30 17:13:08,0.412602739726027,0.514431239388795,27.7962222836705
"124","223_CS_TP","CS_TP_1stcross","CS_TP","none","old","1stcross",2012-03-06,2013-09-30 18:51:03,17.0425089609695,645.815580074307,6.84903822852926,0.36475134196518,231.500000238419,4.40000009536743,1.69999980926514,23,221.599999427795,3.20000004768372,2.10000014305115,26,0.333333333333333,0.338474721508141,12,22.4974570813301,"CS_TP","none","old","1stcross",2012-03-06,2013-09-30 18:51:03,0.333333333333333,0.338474721508141,22.4974570813301
"125","224_CS_TZ","CS_TZ_1stcross","CS_TZ","none","old","1stcross",2012-03-06,2013-09-30 18:13:55,17.4430166910056,731.485113920915,6.92016917270546,0.372431412883366,256.999999761581,10.9000000953674,1.90000009536743,18,251.499999761581,10.0999999046326,2.39999985694885,18,0.235294117647059,0.474558670820353,20,23.6116965106514,"CS_TZ","none","old","1stcross",2012-03-06,2013-09-30 18:13:55,0.235294117647059,0.474558670820353,23.6116965106514
"126","225_CS_HS","CS_HS_1stcross","CS_HS","none","old","1stcross",2012-03-06,2013-09-30 18:35:26,16.0599311705812,675.021583146423,5.95813968933072,0.348383909993264,265.500000715256,10.9000000953674,1.44999992847443,18,265.200000286102,15.1000000238419,2,13,-0.114423076923077,0.804983748645721,25,14.1424384097249,"CS_HS","none","old","1stcross",2012-03-06,2013-09-30 18:35:26,-0.114423076923077,0.804983748645721,14.1424384097249
"127","226_CS_BvS","CS_BS_1stcross","CS_BS","none","old","1stcross",2012-03-06,2013-09-30 18:26:16,11.8684753876039,60.5430299228802,8.75894594637752,0.615121464043122,39.3999998569489,1.90000009536743,9.79999995231628,15,37.2999994754791,0.800000071525574,6.40000009536743,20,-0.305084745762712,-0.911095048789302,1,14.118525712292,"CS_BS","none","old","1stcross",2012-03-06,2013-09-30 18:26:16,-0.305084745762712,-0.911095048789302,14.118525712292
"128","227_CS_JC","CS_JC_1stcross","CS_JC","none","old","1stcross",2012-03-06,2013-09-30 18:20:19,16.434911051056,543.067951825081,6.70691870830901,0.373991653784469,222.999999761581,3.5,0.650000095367432,24,218.600000619888,4.70000004768372,1.49999988079071,20,-0.00185758513931889,0.0244956772334294,11,19.2765297608968,"CS_JC","none","old","1stcross",2012-03-06,2013-09-30 18:20:19,-0.00185758513931889,0.0244956772334294,19.2765297608968
