"","PC1","PC2","PC3","PC4","PC5","PC6","PC7","PC8","PC9","PC10","PC11","PC12","group"
"1 CS_JC_2ndcross",-0.231407896218788,-1.09362381490854,1.27309738120564,-0.0892514107615755,-0.185279215418138,-0.156598580892011,-0.543406721314943,0.932536578887345,0.0745432467420765,-0.144673682605094,-0.141969112925478,0.317568756682763,"CS_JC"
"2 CS_JC_2ndcross",4.65804347012966,0.00730536471055021,-1.62539142562533,1.06089749864455,-0.106745190452574,1.91433031950394,-0.47199951143812,0.705457286088186,-0.0153589882582888,-0.324229921391007,0.319669398806194,-0.0831469159641997,"CS_JC"
"3 CS_JC_2ndcross",1.66651145969608,-0.514481175707862,-0.286668584621176,0.194824487135594,-0.412158541464087,1.37869510246178,0.529754086170819,1.18881362585499,-0.174224389055681,0.315080252010244,0.0297937625165137,-0.118777326740449,"CS_JC"
"4 CS_JC_2ndcross",-1.3683604622908,0.278186844105621,-0.372321882815571,0.201568830224581,-0.0620885361405087,0.968669103310785,0.0547198790310174,0.24502715753216,0.603736821831372,0.0569825331740533,-0.110818553916437,0.0122225208864267,"CS_JC"
"5 CS_TP_2ndcross",-3.18321981781892,2.2912950264379,-2.34353531630823,-0.993052170723287,-2.32764166297546,-0.412888034107411,-0.57702944025579,-0.47672171554503,-0.126493981870844,0.444515699170291,-0.0369856999394871,0.0694971250596385,"CS_TP"
"6 CS_TP_2ndcross",0.468945220074449,-1.0403135982145,0.468382688842125,-0.189419930040971,0.206293590880541,-0.444162573403933,-0.407436861815074,0.838103691792617,0.71983218995823,-0.383134655720129,-0.00529867925526116,0.221208869333747,"CS_TP"
"7 CS_TP_2ndcross",-2.9043461136586,0.718653378376025,0.241386385317446,-0.164649697450138,0.166802307705175,0.586662501674782,0.107488213919883,0.364633800404508,-0.603646057936181,0.146036961336129,-0.0869851971554505,0.157772411148828,"CS_TP"
"8 CS_TP_2ndcross",-2.43411548981514,0.828191883851089,-2.1836077139934,-0.189940507687195,-1.44785561629821,0.51654319526018,-0.536016825168503,0.31729561807429,1.28578948554169,-0.0105726463574525,-0.0284322373984771,0.151258416201151,"CS_TP"
"9 CS_BS_2ndcross",-1.38408406934775,-1.76752734813776,-0.821885748987448,-0.320968938079701,0.0488619940168464,-0.0723057315612053,0.346448162752483,-0.134015147962338,-0.50172114126716,0.271265939367533,0.100000240550162,-0.165188093698679,"CS_BS"
"10 CS_BS_2ndcross",-0.0152383450129274,-1.88811138516322,-0.0387435527451701,-1.04085537503422,0.0663286364068034,-0.476696836676499,1.19777709878923,-0.436713563391162,-0.220971303935361,0.108704285978533,-0.0936720528814181,0.0106331176509217,"CS_BS"
"11 CS_BS_2ndcross",-2.49781550848533,-0.752507736147819,-0.222413422039728,0.368643041661008,0.540033225885592,0.213604051311858,0.184126613852747,0.503484520614876,-0.59937150994739,-0.170148027181585,0.151117270229968,-0.121013358269998,"CS_BS"
"12 CS_BS_2ndcross",-1.58035753350128,-0.925457644869278,-1.92482774572877,0.0177514185057826,0.11333472879445,0.276942661433267,0.427188274578172,-0.259537927477723,0.364914654021823,-0.0492533767410693,0.0604919752978932,-0.0916741330015873,"CS_BS"
"13 CS_HS_2ndcross",-1.43694294274556,-1.40789545219114,-0.136934082332536,-0.454191354362231,0.387003130422042,0.337685624129025,0.489897601631119,-0.949721918565348,-0.208537147698435,-0.0843975085726398,0.0262792367371032,0.0688978300877898,"CS_HS"
"14 CS_HS_2ndcross",-2.73119316649258,-1.55138752379258,0.926755960631834,-0.140356599174188,0.0971430212367917,-0.369908535195561,-0.459365253777177,-0.0724122938412762,0.156892134283463,-0.146762174826502,-0.12259387332625,0.122766197850732,"CS_HS"
"15 CS_HS_2ndcross",3.25215001179479,-0.8571995531725,-3.99140570793656,-1.68218796448938,0.887390449131135,0.0642290041369258,-0.0144922655920241,0.53710568177307,0.0599875613109999,0.35420570508579,-0.452314195976001,-0.326943481807257,"CS_HS"
"16 CS_HS_2ndcross",0.634500172550877,-2.8076681240708,0.401888003106546,-1.60275666553712,0.0163051241017428,-0.643477439358797,0.185631793395241,-0.415490713840048,0.0224766162212929,0.376616461391886,-0.0291666789902973,0.0202853117667096,"CS_HS"
"17 CS_TZ_2ndcross",-0.4947607739235,0.644784251201162,0.886222366389035,-0.632409487396002,-1.06400821877505,0.784208028142596,1.65035841908943,-0.137331544590584,-0.383519914978787,0.238509561261894,-0.0344076145610533,0.110487603112489,"CS_TZ"
"18 CS_TZ_2ndcross",6.62428085323858,0.990834756941582,-1.26373560360401,-2.51808991947146,0.463970991347465,1.30824911251945,-0.862990037698974,0.522024316971749,-0.760315468951972,0.136113588090119,-0.102164419984991,0.207125060468866,"CS_TZ"
"19 CS_TZ_2ndcross",-4.39652099213575,-0.398259004002665,2.34253238001542,0.249614761449171,-0.148035126742245,0.671143219982577,-1.1540988362103,0.960754362874102,-0.535914729808276,-0.0882468539675195,-0.416802912636177,-0.280961893113858,"CS_TZ"
"20 CS_TZ_2ndcross",0.551752567889126,1.06461241652475,0.288659402172125,0.590679612504049,-0.0705892608894561,0.336617524470319,0.415636161667267,-0.521822387536107,-0.154714224025417,0.356576100912621,0.0586445020272828,-0.00193057593850315,"CS_TZ"
"21 CS_JC_2ndcross",-0.594790638820297,-0.384332395257398,0.51751744255725,0.437692131557707,-0.150919350287031,1.13193233392442,0.150279345361204,-0.322306816689265,0.0789702640467417,0.108660559948245,-0.00542201162864558,0.0330849490413629,"CS_JC"
"22 CS_JC_2ndcross",-1.0183248519435,0.658477365796378,1.242395229163,0.626381602669531,-0.128650045026723,1.21993368093429,-0.420989791248272,0.257670768443075,0.08736929665102,-0.0427737690563461,0.0973598890270417,-0.0720957455358557,"CS_JC"
"23 CS_JC_2ndcross",0.629334214939637,-0.90538602575375,1.06406287075212,1.08761992822697,-0.26369196393593,0.397668292759098,-0.733126065982853,-1.00859501849144,-0.098654189047941,0.131030641401341,0.0218715607607801,-0.0491622348670608,"CS_JC"
"24 CS_TP_2ndcross",1.26618329485558,0.229878393845869,0.493339164485749,0.784803990413994,-0.169319166481941,0.805893259725338,-0.289026964724896,-0.416475942048277,-0.377373832203652,0.243722153880555,0.0541278313556118,0.123121329040035,"CS_TP"
"25 CS_TP_2ndcross",-0.196581220347806,1.82909781851773,1.11983992590733,0.487733407275774,-0.0936987602618834,0.652388229788355,-0.131198117012969,0.310247661003135,-0.00806900099362691,-0.259624027569145,0.128288033613742,-0.037394933291805,"CS_TP"
"26 CS_TP_2ndcross",-2.38974580785387,1.35792423671252,-0.308958260561698,0.190845686096893,0.5318483320034,-0.0463927363286217,-0.125793094222172,0.425353817001423,-0.250505536007656,0.0872621546587912,-0.0325107302395371,0.257280501193548,"CS_TP"
"27 CS_BS_2ndcross",0.648561191511917,-0.955501488675224,-1.23684178029638,0.954966215640476,0.914317371966173,0.186939988113004,0.215740923280451,-0.805064319711132,-0.147537857790989,-0.0131646915534672,0.0827733436770781,-0.275763799877803,"CS_BS"
"28 CS_BS_2ndcross",-1.80950349255258,-0.877011736861823,0.460616758229067,-1.37828711146445,0.0144459035480456,0.825449723444763,0.0920204178586585,-0.188101274926293,0.404836965414713,-0.164299732166309,-0.0652204753877778,0.100911177103746,"CS_BS"
"29 CS_TZ_2ndcross",1.5736430277813,1.15896267249428,1.1367874236732,-3.57589280854602,0.862468555930757,-1.10620880260268,-0.741018713202214,0.957733715445535,0.205463781741314,-0.00047679357492969,0.0731258310870451,-0.114796748687682,"CS_TZ"
"30 CS_TZ_2ndcross",1.77701880035833,4.17022814386443,0.326583113429331,-6.8322534586592,2.58626388865918,0.253894273352779,-2.15780745054652,-1.39819234128436,0.0732457736272476,0.281817809177022,0.244352100640007,-0.0825655799754311,"CS_TZ"
"31 CS_TZ_2ndcross",-2.16539537435391,1.0385894137402,0.0291016228703947,0.429798013724743,0.710876289673358,0.222513149018318,0.0695958309814249,0.765431769698111,-0.0434999066636917,0.141907223316305,0.11854824476823,-0.026834736932917,"CS_TZ"
"32 CS_TZ_2ndcross",-0.167708854668822,-0.236962994673723,0.525610717891244,-1.54126033334124,-0.148500000107534,0.0392962827959087,0.443234302638562,0.312391625971646,0.196363714088014,0.258695566628471,-0.0843564081495602,0.0125167589689197,"CS_TZ"
"33 CS_JC_2ndcross",1.15296457311936,-0.0254902187111496,2.0882651687565,-1.86619877876106,-0.994612548545554,0.369662637529918,-0.0689316986467605,0.690106479864284,0.419368829963362,-0.296956662473805,-0.0452663263596267,-0.337848348025855,"CS_JC"
"34 CS_JC_2ndcross",2.0594310763913,-1.89065197028876,2.33767192231603,0.00856485219862635,-1.28113844506069,-1.25335809879143,-0.660365004665456,0.585068999933087,-0.0543414132452349,0.147482326131219,0.0538737625512559,-0.145209402332819,"CS_JC"
"35 CS_JC_2ndcross",2.24372178188949,-1.81758139454407,1.44675491787884,0.0963214226424115,-1.05810961954206,1.13696651307199,-0.975245474942795,-0.505586549319551,0.465704048442205,-0.174643552689753,0.136309965497922,-0.148647952819162,"CS_JC"
"36 CS_TP_2ndcross",1.36050675155467,1.10743028653442,-1.30582950674342,0.730324771158785,0.022648458844121,0.124119380250037,0.49908602792256,-0.00760691688269485,0.581586971726638,0.285209716016951,-0.088545538632136,-0.2741239957713,"CS_TP"
"37 CS_TP_2ndcross",0.98681764203382,1.0552353597179,0.945488912526084,0.156478458920982,-0.610096602943315,1.56384734942852,0.19421967282611,-0.0514811777408439,1.26280069599472,-0.0573232058482289,0.00793666276958465,0.151857065760154,"CS_TP"
"38 CS_TP_2ndcross",1.12044095774928,-0.0615266998804001,0.545278666113581,0.604807731871425,-0.0615001448931769,-0.358298785259715,-0.282378644715735,-0.174078976463892,0.0895104999704768,-0.337903469783419,0.226855019888893,-0.0722459728508015,"CS_TP"
"39 CS_TP_2ndcross",5.33587862093954,2.5605070399317,0.515861375781716,-1.61175011173205,-0.391831682149928,-0.41733802116808,0.3481532056457,-0.994331785762102,-0.336877157253986,-1.38694793295159,-0.279759850901522,-0.00678662914635897,"CS_TP"
"40 CS_BS_2ndcross",4.41654632496304,-2.93552621887857,-1.34474758771371,-0.354206131135897,-0.0415844621894444,0.00399686037783409,-0.184212237256538,0.500663717269195,0.268023037813059,-0.639178266067159,0.509528884691486,0.210899802917781,"CS_BS"
"41 CS_BS_2ndcross",-3.15368969885596,-0.92701978338754,0.55367091927605,-0.726605617322357,0.0611827815517019,0.868775338406343,-0.366970192737599,0.530114390047086,-0.574482896651354,-0.0652279294371851,-0.173965618741831,0.0860573288132888,"CS_BS"
"42 CS_BS_2ndcross",3.19980450352555,-2.67672704028728,-0.786531852118584,0.749723937926125,-0.245097176635728,0.567387027351657,-0.334275235470821,-0.0550173583751346,0.111133315747816,0.211485535762225,-0.0739099111778938,0.0028593983888634,"CS_BS"
"43 CS_BS_2ndcross",-2.56994772005296,-1.56909765094327,-0.645926457247695,-1.88907980724937,-0.287613104598347,0.448685484117279,-0.0288476422054488,0.323527706487585,-0.532189199241959,0.180336973019721,0.0203442403494023,0.00300209176165417,"CS_BS"
"44 CS_HS_2ndcross",-0.994291243413843,-1.61376170755873,0.10119203455513,0.698522635529717,0.380374210477113,0.359525650161371,-0.276312172438376,-0.482277303990826,0.169228722390223,-0.141849806659643,0.0491587341006305,0.0955480739950991,"CS_HS"
"45 CS_HS_2ndcross",1.87870369939664,-2.22646199903135,0.142911163461375,0.457398347455584,-0.144603893123287,-0.469496150878717,-0.338761263986405,-0.47320505687152,-0.198178716390155,0.197170240416876,0.056158302782377,-0.0261759431371361,"CS_HS"
"46 CS_HS_2ndcross",-1.07530498905501,-1.618788295141,-0.507862269483448,-0.262081523968623,0.0149337770325248,0.594269361555503,0.506340463714902,0.480703475653352,-0.261207903271628,-0.00712289003733857,0.0789711389034334,0.0425219079502156,"CS_HS"
"47 CS_TZ_2ndcross",3.46736315666123,2.59600136514985,-0.19328010279221,0.60224669426544,-0.0549050718901727,-0.957761113134644,0.203264929380308,1.50475149283838,-0.317611171427023,0.0876983335123607,0.0196086493327639,0.016064194775019,"CS_TZ"
"48 CS_TZ_2ndcross",3.47013490478508,1.49285828913853,-0.548245533516417,-0.418700582985536,-1.5757669894455,0.474394146191108,2.37322893038268,0.277710005465867,-0.576285652903325,-0.156743303276505,-0.0487013392676483,0.0438789311025064,"CS_TZ"
"49 CS_TZ_2ndcross",1.36466023771059,3.09625939907766,0.948934972595827,1.02868821428466,-0.388971165877285,-0.644344781370152,0.633790452424156,-1.12983511424954,-0.195290217457583,0.00807651454967905,0.264014438459785,-0.0667478597675655,"CS_TZ"
"50 CS_TZ_2ndcross",3.12898226690636,1.10457152229578,-0.0452530562564298,-0.364506058810585,-0.94747116954892,0.505131227355179,1.42039185550024,0.430972264951387,-0.376341596094993,0.431743809428248,0.0895611517216108,-0.00552996157288421,"CS_TZ"
"51 CS_JC_2ndcross",-0.0945280046147679,-1.02107944353088,1.38103333119843,0.965539100950908,-0.210657061437022,0.0679803590455269,-0.791595279495252,-0.668421642843689,-0.113706358454626,0.146713439277796,0.03791487936172,-0.0936647644902767,"CS_JC"
"52 CS_JC_2ndcross",-0.342166119535194,1.26447348177924,1.7968767699868,0.176464179374848,-0.895024255839836,0.95550540995793,-0.255808592457758,0.418425071776379,-0.150627530913983,0.207019145072742,0.0514572181222272,-0.167840667864248,"CS_JC"
"53 CS_JC_2ndcross",1.52529014005744,1.09888164483807,1.59022192228084,1.17211305661168,-0.532580600715013,0.361553615943418,-1.1857767666284,0.768826414958252,-0.0773940175759806,0.112477382591547,0.185848488169233,-0.0398270538140084,"CS_JC"
"54 CS_TP_2ndcross",2.65439813771246,-0.513187795225213,0.0693367539024531,1.07635630548971,0.0952826426316587,-2.38424119588454,0.158999353640057,0.21081956308376,-0.0398664384173107,-0.183094199575971,0.107648947367002,0.140258348104868,"CS_TP"
"55 CS_TP_2ndcross",3.9651802063666,1.82358847707148,0.308564184321533,1.50653485775343,-0.0802986883529,-0.591025768484625,-1.06249671424216,0.451430651866745,-0.127056433450696,-0.214724533018793,0.00772672574665496,0.00388895085197494,"CS_TP"
"56 CS_TP_2ndcross",1.79271548523882,0.00593844011405793,0.795704911992692,0.248393628723913,-0.587742531057704,0.124700283238462,0.2394837580705,-0.395938132432945,0.189637735679445,0.563829234455736,0.0132125574893264,-0.0510283755412509,"CS_TP"
"57 CS_TP_2ndcross",1.42475813238703,-0.64720585797811,-0.341335383482393,0.36548073713217,0.194844086444622,-1.49307569661712,0.312516322614928,0.589131612884114,0.828836079991111,-0.0729674389818976,0.096560166933266,-0.0285773962121859,"CS_TP"
"58 CS_BS_2ndcross",2.53915299044732,-3.14494800191213,1.02410832848573,-1.55874623517897,-1.01749218838625,-0.732759857789352,0.452122402221329,0.759253862232764,-0.00268871998469111,0.267419721638321,-0.00626005483588922,-0.0479996260085294,"CS_BS"
"59 CS_BS_2ndcross",-0.431354966191145,-1.09852830497104,-0.152836023549456,0.6092505828995,0.589140842606563,0.217201307963121,-0.180367762775913,-0.0311884412647769,-0.596631696532631,-0.330866520005961,0.148249624967494,-0.0255942874580726,"CS_BS"
"60 CS_BS_2ndcross",-1.90820218228632,-1.99416795625372,0.195351096108951,0.249914525578152,0.51544149763738,-0.0851875175334384,-0.156079502447394,-0.466473088983835,-0.647036206526134,0.249879552796832,0.0472266727939863,-0.107534021704142,"CS_BS"
"61 CS_BS_2ndcross",2.54857137410044,-1.32417006134617,-2.28655257835266,-0.119775587706362,0.884541560091134,0.624669116538168,-0.0133805600524841,-0.128589510908451,0.386527735000799,0.594621448534831,-0.166868654722143,-0.153012602207316,"CS_BS"
"62 CS_HS_2ndcross",-2.50306711237666,-1.49240177992186,1.56622409706005,-0.0305277658958628,0.326794448595211,-0.964602747922954,-0.25479590866424,-0.158628726639238,0.429669503986738,-0.27621168069125,-0.170377562826294,-0.0794116153420948,"CS_HS"
"63 CS_HS_2ndcross",-0.363592546804765,-2.06138959705018,0.17102534330163,-0.442487015245192,-0.0422085955314157,0.491348752165346,0.148207013288653,-0.562594233555848,0.487760696053435,-0.306590936367071,0.0030983824593816,0.0997626954675846,"CS_HS"
"64 CS_HS_2ndcross",-0.659641910210399,-1.76556748940435,0.838393571302035,0.2029884391358,-0.0555083229535567,-0.952558195587782,-0.174586355708109,-0.504817352173678,-0.380072479997376,-0.107799004871235,-0.0403095844462985,0.000981872944098822,"CS_HS"
"65 CS_HS_2ndcross",1.91125587610114,-1.05959944278302,0.106911818395516,-1.19209878471311,-0.383912040628297,-0.382623968692382,0.905265585742542,-0.64791561520612,0.317876903119758,-0.763720462119456,0.0263550160619247,-0.043540556289276,"CS_HS"
"66 CS_BS_2ndcross",-1.91376654955361,-0.737606119242419,-0.800226188198516,-0.211524033313866,-0.180735563371703,1.06096827135121,0.0154869726626067,0.25964675525221,-0.298799127179185,-0.000620031043661623,0.154412396463324,-0.0695225865131358,"CS_BS"
"67 CS_TP_2ndcross",0.624314407231592,1.77853028631993,0.462238524072657,0.903925804230882,0.114911484575519,0.317977606044188,0.00653244996539462,-0.0465534566790581,0.405416364665173,-0.196617286709569,0.0549514872099532,-0.059978608910779,"CS_TP"
"68 CS_TP_1stcross",1.33618493915742,1.64983511497749,-0.692021328244898,0.843442355613557,0.42268781298851,0.824473552389737,0.337631073327451,-0.192323830721268,1.14298483175803,-0.519439745126464,0.0656910744216124,-0.0678534888306428,"CS_TP"
"69 CS_TZ_1stcross",-1.30764579735457,2.77558205891253,0.163863064321625,-1.33586617532898,-0.364456965433919,-0.896983684221722,-0.0101284309969799,-0.187363604181647,0.379606366345744,0.111395422363958,0.00648005375763783,0.203636812780928,"CS_TZ"
"70 CS_HS_1stcross",-1.66658115047976,-0.840274063840778,-0.941165049299447,-0.76277518049062,0.449801829563232,0.411199359563347,0.685166482013061,-0.569496884390911,0.603731247166554,-0.503641162075672,-0.0194163463898239,-0.0208875992526587,"CS_HS"
"71 CS_BS_1stcross",-0.895630628758783,-0.646742710340054,-0.566618487715135,0.271533430514593,0.328392813550779,-0.50463704202316,-0.171140896979031,0.695666331375905,0.788506529058263,0.0547338510439089,0.004092770240726,-0.0163597964548081,"CS_BS"
"72 CS_JC_1stcross",-0.264194321530125,-0.340895005674306,-0.165340255528966,-1.29277383147836,0.489259304953501,1.03450893053114,0.442733572453039,0.203472650799512,0.264407956517792,0.264496484084028,-0.174154851547638,0.0549365180893854,"CS_JC"
"73 CS_TP_1stcross",-0.997937305519533,0.529335505712743,1.32140098046447,0.352965178585325,0.143554727489885,-0.455846629954186,-0.34384354252283,0.256684619635886,0.144798900788232,0.0989277222621716,-0.0550205097011804,0.00682742140756569,"CS_TP"
"74 CS_TZ_1stcross",-1.43043001981863,1.47493283490957,-0.0954864012865559,0.501566660184776,0.4474181754203,-0.743260785879959,0.560200744029001,-0.157137940223282,0.169546378390432,0.0453729115764755,0.0345800757722754,0.0239381069725293,"CS_TZ"
"75 CS_HS_1stcross",-2.58079304040049,-0.610325461639137,-0.4788202314018,-0.0737591342393538,1.31253274924539,-0.207897023286178,0.71990254756814,-0.195595570992621,-0.390752166948362,-0.149092198397972,-0.0111433693339246,0.126227062517477,"CS_HS"
"76 CS_BS_1stcross",2.04328644810916,0.404188138310416,-2.09052904064858,1.11912844219276,1.16285888332108,-1.07823184942588,0.444798041619559,0.689752561570199,0.0802797982583966,-0.111941972499907,-0.129363045139355,-0.00399845363884521,"CS_BS"
"77 CS_JC_1stcross",2.65735296704463,-1.15201506085612,-0.0343924052887352,0.980788316691983,-0.280384421585549,1.3080997865816,-0.717822876555614,-0.597581292453411,0.005800962430939,-0.223986114522332,0.0184601399030423,0.0032837210351116,"CS_JC"
"78 CS_TP_1stcross",-0.541139247679857,2.90734340528434,1.21210178323842,0.542901095866666,0.257222925016591,0.202371977651442,-0.0497713240525968,0.0635973700226385,-0.16392663611635,0.255787141063565,-0.0130471901596755,0.128546527988975,"CS_TP"
"79 CS_TZ_1stcross",-1.93828247451645,0.848061484676585,-0.426997894630408,0.0859079156355756,1.07445709508879,-0.0851125453304339,0.328275231747916,0.374270493494429,-0.191719791848777,-0.528585344698524,0.105563237897756,-0.146756570562385,"CS_TZ"
"80 CS_HS_1stcross",1.8353020686104,-1.42841240232564,-1.67287898020602,1.89153053689438,1.00432572613692,0.484935383528951,-0.598185135438435,-0.798292168002,-0.212566461363997,0.0117412698493035,-0.131066238852571,-0.185473932399194,"CS_HS"
"81 CS_BS_1stcross",-1.43579650412206,-1.28754399637434,0.208933255479754,-0.0580313326168681,0.208382951634915,0.776615212597219,0.300994228133064,-0.592147653746393,-0.836315683461756,-0.475317082766109,0.0391520440995809,0.083760768333778,"CS_BS"
"82 CS_JC_1stcross",-0.575752788833392,0.151349808071281,1.60674965682769,-0.0393990978191691,-0.309277992608357,0.199079076771777,-0.192739746240181,0.639323293327022,0.0101532920426367,0.4877214922925,-0.11838867216953,0.035596417641751,"CS_JC"
"83 CS_TP_1stcross",-0.678314325667291,0.887102003225072,0.628766021533054,0.78337940183266,0.605917239750616,-0.839138766180955,-0.252274245878707,-0.201201279678453,0.129999893923223,0.140538844031092,-0.00416332010777865,-0.110836275308638,"CS_TP"
"84 CS_TZ_1stcross",0.124289368382741,1.70648133974953,-0.307641803537346,0.0775532243957942,0.447396184671231,-1.18003424499361,0.582623389406457,0.277173428302317,0.183269511886734,0.38188011435248,-0.0162867921474099,-0.190951814178546,"CS_TZ"
"85 CS_HS_1stcross",-2.78560866092502,0.841053679595633,-6.16453307193227,-0.270406422024913,-3.07207626723598,-1.06754107398468,-1.63122009833097,-0.296647514241895,0.0174866426598864,0.175576782763998,-0.0260023749194257,-0.0623963813649197,"CS_HS"
"86 CS_BS_1stcross",-3.99193239094779,0.388500119641924,-1.33916673546558,0.0964929637168971,-0.392279234757665,-0.849957100389761,-0.245961738140983,0.144442451570748,-0.299298594798647,-0.56627157893802,0.0108127555125156,-0.0315062034368633,"CS_BS"
"87 CS_JC_1stcross",1.23902769126766,0.639524124383167,-0.808414079466611,0.521828110296077,0.620336891093295,0.380333875475034,0.866309317531849,-0.583168710566605,0.0186192996760354,0.760813702086303,-0.17399658185437,-0.0438758455128117,"CS_JC"
"88 CS_TP_1stcross",-2.1163211499562,0.798661991296177,0.851795296300697,-0.299225978302385,-0.210147177730515,0.0235870748493963,0.0773595021698231,0.0941295515303892,0.568120959583018,0.3226498894748,-0.209806902864487,0.149513734410129,"CS_TP"
"89 CS_TZ_1stcross",-1.03293307515914,2.21439939789105,0.736828995673124,0.521865765430869,0.137786081633448,-0.706866647198702,0.754964277088446,-0.450224506316749,0.0903819971222242,0.105004869680209,-0.00140586961623364,-0.0903041123906462,"CS_TZ"
"90 CS_HS_1stcross",-2.91916815550286,-0.300887988366491,-0.767062101201315,0.324711109008331,1.41232304761661,0.369174552749361,-0.0457372046171669,0.747094616832542,-0.255893026126992,-0.19266997796839,0.0474282328433648,0.158559921212597,"CS_HS"
"91 CS_BS_1stcross",0.0999537641196281,0.656019037458213,-1.0622476142671,0.265659974411063,0.0912831159503634,-0.617197987991413,1.01866979006592,0.396940157535513,0.0602330192661086,-0.140986661574154,-0.0509021187974859,-0.21246083416004,"CS_BS"
"92 CS_JC_1stcross",-0.539333918241477,0.34618339198882,0.522582447459358,1.02702780507346,0.528700953921586,-0.478470630945705,-0.606196801665704,-0.118428120219675,0.332484622129986,0.00731197992163996,-0.0477678462071174,0.0539573427461606,"CS_JC"
"93 CS_TP_1stcross",-0.412408362790555,2.49807957810454,0.0677666138730752,0.206499434251518,0.308051393741576,-0.682544369613044,0.671964910276799,-0.330615907267056,-0.00342520496570189,-0.125973723331168,0.121354458813829,-0.0388154003778485,"CS_TP"
"94 CS_TZ_1stcross",-1.49365851363185,0.0668109204013054,-1.27680633533755,0.512867450060909,0.807861694272981,0.0797446165975562,-0.144328230165686,0.298129825725548,0.493402797477583,-0.104293656039427,0.0598094943395719,0.0232795969797422,"CS_TZ"
"95 CS_HS_1stcross",-0.835218340342687,-1.89084967153889,-1.11608863108484,0.0617933654632441,0.722568028512349,0.0284556694711235,0.762559722083929,-0.691755940689148,0.277743502427798,0.204504338086307,-0.0731240206791421,0.0203143134368775,"CS_HS"
"96 CS_BS_1stcross",-0.432731154278537,-0.095973262378298,0.112311822876905,0.720301803661261,0.353539802910302,-0.168322274557922,-0.292211633362194,0.0164575694336285,-0.109086053252774,0.279163600551447,0.164266720979653,-0.0475993780525352,"CS_BS"
"97 CS_JC_1stcross",2.91092250848733,0.232227279274156,-0.275599767976764,1.56821169733485,0.231291761795657,-0.45798703155664,-0.795593719183639,0.0443192638374139,-0.28567527262526,0.230035475356604,0.0480355436914918,0.0296038815977247,"CS_JC"
"98 CS_TP_1stcross",0.324582381062063,2.30567062474988,0.428408527706731,0.0955947810075446,0.335373821778056,-0.77581854207238,0.192172905435855,0.524674504413195,-0.101272584794102,0.47457481371896,0.122274669255201,0.0606972133562994,"CS_TP"
"99 CS_TZ_1stcross",-1.72443935601181,2.25461440437829,0.450988426436252,0.00309648627828721,-0.303890034079547,0.210149648047322,0.480982096121473,-0.454309513944525,-0.470467146268369,-0.190496222202508,0.0170492910614489,0.0022195899876386,"CS_TZ"
"100 CS_HS_1stcross",-3.76648378290437,0.70616612504379,-3.86882416725419,-0.791099481645712,-2.18935875067255,-0.642014493754875,-1.16510336766186,-0.361374168906377,-0.451424419782966,-0.130592382865601,0.16296736544843,0.0213018284839996,"CS_HS"
"101 CS_BS_1stcross",-0.432731154279592,-0.0959732623789039,0.11231182287739,0.720301803660743,0.353539802910303,-0.168322274559707,-0.292211633360988,0.0164575694321881,-0.109086053252754,0.279163600551333,0.164266720979053,-0.0475993780523979,"CS_BS"
"102 CS_JC_1stcross",1.89895043492973,-0.443090133482552,0.674545590358526,-0.442314641690908,-0.699982628967275,0.0905089397615035,0.795935729177898,0.111162829652584,0.15416120459271,-0.353479912513893,0.056501986816241,0.034054615155808,"CS_JC"
"103 CS_TP_1stcross",-1.9887648142617,3.30681400028865,1.34778655593779,0.168712795284964,0.0465330625142241,0.296554803255414,0.778644850816283,-0.109149740863889,-0.223948701900974,-0.253625135948391,-0.0446422715153489,0.0893690365606256,"CS_TP"
"104 CS_TZ_1stcross",-1.43250559316681,2.13833370728523,-0.902700271341848,0.230343355543808,-0.345373662072854,0.15591573599828,0.758993585277843,-0.579957408931092,0.0531998028125083,-0.0255614776815818,0.0109394647968501,0.113146139823018,"CS_TZ"
"105 CS_HS_1stcross",-3.17515747467352,-0.0593382956433455,-1.29539367758297,0.282226941202464,0.694849562664274,-0.266149351481918,-0.16289228408858,0.638123937747129,-0.25967348834496,-0.176097557085919,0.0148389571526584,-0.00462055454380372,"CS_HS"
"106 CS_BS_1stcross",-3.8636370263184,0.222075840005354,-0.807029050158061,-0.0842654170206069,-0.272060078009526,0.502805408600162,-0.148465423850515,0.592994436887155,-0.259030029934504,-0.590942755121801,-0.0522332564425066,-0.153772943962391,"CS_BS"
"107 CS_JC_1stcross",0.951908902281454,-0.728429089547832,0.816610045839459,0.937976817527567,-0.0324094859452521,0.0511946467142397,-0.780009628947416,-0.534325228236361,0.587058057928378,-0.0328989528382391,-0.0697043414850258,0.13498054411949,"CS_JC"
"108 CS_TZ_1stcross",-2.57776387163421,0.187535026264715,-1.18124179484446,-0.374896965245084,-0.419860831205984,0.0588437025842369,0.190854548479241,-0.573194763366657,-0.0272159901352849,-0.282438281029623,0.0304263961634107,0.11526454783359,"CS_TZ"
"109 CS_HS_1stcross",-2.76790091501449,-1.17431962793118,-0.188370717212454,0.261946379283422,0.857098320223137,-0.676209506588688,0.443976742048458,0.131490765802622,1.00645801452172,0.0849833607912707,-0.165863943788788,0.101725773511375,"CS_HS"
"110 CS_BS_1stcross",-2.39055340826521,0.332941763202554,-0.66873611643685,0.620949770644961,1.01460230860932,0.0139794283674117,0.305030642450403,0.503853359996411,-0.385035761321937,-0.553462226778021,0.128355745741119,-0.111584327651208,"CS_BS"
"111 CS_JC_1stcross",3.14694525788612,1.82226788891498,-0.279571980306322,2.10734177973731,0.156094993017841,0.309290354666233,-0.634196258007611,-0.774041829054971,-0.310286751476692,0.175629754127739,-0.321059007247258,0.0144472412719384,"CS_JC"
"112 CS_TP_1stcross",0.414362900324387,0.162362048326435,0.569483994913029,0.966656345313102,0.527410139665934,-0.926467842971675,-0.699927233016684,0.0125433046453716,-0.247498414548137,0.687134627053223,0.139363586812728,0.0508142032489994,"CS_TP"
"113 CS_TZ_1stcross",2.37627920527748,-1.86818303957499,0.473096770125719,-1.20759653289972,-0.706639986761562,-0.538765024155707,0.859160112352402,0.385666973057618,-0.336182268630844,0.00846505632838512,-0.149310438553556,0.0228966602455234,"CS_TZ"
"114 CS_HS_1stcross",-1.52987689197213,-1.63885566048034,1.33762905778315,0.390192762864975,0.0795143717219628,-0.4610387300969,-0.471570634046129,-0.386180909922301,0.372678153329644,0.0789113467906068,-0.042320917922738,0.0475164833389563,"CS_HS"
"115 CS_BS_1stcross",0.964847679444325,-2.88696429656833,1.44327891944739,-0.302912851010697,-0.705173075710358,-1.15029440767753,-0.0341238207998182,-0.446102057112325,-0.234392012551599,0.365341073222597,0.174371004095685,0.00700289685605504,"CS_BS"
"116 CS_JC_1stcross",-0.210250386095186,-0.250117235218514,1.46571133995162,0.272549300681264,-0.357175554117626,-0.694027056214745,0.404523644380144,-0.765809384138715,-0.316532990823016,0.401669691185054,-0.0158833470423391,0.00963338653432655,"CS_JC"
"117 CS_TZ_1stcross",1.7827105262916,-1.902766399786,-1.06379774667947,0.0580855034330709,0.643487411051871,-0.403950969792572,0.399049027012639,-0.467005225844471,-0.256774640487751,0.137876033358765,-0.0435748745704692,0.14148092863107,"CS_TZ"
"118 CS_HS_1stcross",-2.30020569496953,-1.66338681394708,1.4262539482794,-0.373196473236209,0.0837367949233134,0.103180191620157,-0.580958041516246,0.160481625825901,-0.509329569651714,-0.182115728931445,-0.144948423565641,0.105381108736435,"CS_HS"
"119 CS_BS_1stcross",0.523459886089884,0.0924651013320586,3.29537001594282,-1.19580200558317,-1.42410384394394,-0.792054336788701,-0.0265107490686195,-0.353397688880683,0.0191558979861391,-0.67103006511612,-0.219105522687703,-0.300635181047268,"CS_BS"
"120 CS_JC_1stcross",6.0144051718968,1.4800163814763,-1.05687631690531,2.1180703839771,0.300619637165895,-0.440522916350668,-1.25731822214113,-0.17222071848033,-0.588684750997901,-0.699136743386988,-0.573166287640174,0.229129490502274,"CS_JC"
"121 CS_TP_1stcross",0.726090494390411,1.75808624227738,-0.102326851850531,0.733240492000057,0.48281196652975,0.415016168389642,0.288786232981423,0.07871731028719,0.268192326820559,0.375478222422787,0.0414794637801586,-0.000618371297265663,"CS_TP"
"122 CS_TP_1stcross",-0.678731797243727,0.47772762622949,1.6632891458737,0.460914849544691,-0.300838550578639,0.14239841876555,-0.195966587610761,-0.346533837987773,0.196378411612559,0.575717942599274,-0.00123812453319196,0.23630111730262,"CS_TP"
"123 CS_TZ_1stcross",-1.76111325631698,0.885698485930499,1.04974489283128,0.167146150269435,-0.0675338056724477,0.517746787567525,-0.283212156131474,-0.0607031772701257,-0.13754536131523,0.0621264525101916,-0.00413899855665597,0.118599978277593,"CS_TZ"
"124 CS_HS_1stcross",-2.7119459940411,0.0258886173588819,0.0790250300330836,0.266165928763374,0.513106606705715,-0.624108268464684,-0.122041951325325,0.110480416137732,-0.2326811169339,-0.288486359738077,0.063799967946171,-0.110211501806987,"CS_HS"
"125 CS_BS_1stcross",4.45483396921688,-2.04009087025505,-1.22914133680094,-1.38366300460114,0.177468333077958,-0.471542934614193,0.353508797272777,0.348409566899175,-0.297704181326173,0.0678407256523806,0.152413454629415,0.34544645545264,"CS_BS"
"126 CS_JC_1stcross",-0.554374957795119,-0.494086477997753,0.898284044249493,0.248768717470845,-0.346316727973079,0.144309849027327,0.385888311130648,-0.108399305897409,0.404195214859842,0.209994831920757,0.0271296900612029,-0.0993938550468135,"CS_JC"
