"","id","group","genotype","treatment","machine","other","date","timeofday","length_experiment","median_speed","distance_traveled_mm__permin","turning_angle","meander","activitytime_permin_ST","act_bouts_ST","pause_duration_ST","numb_pause_permin_ST","activitytime_permin_TT","act_bouts_TT","pause_length_TT","numb_pauses_permin_TT","centrophobism_moving","centrophobism_sitting","number_of_walks_permin","stripe_deviation"
"1","100_CSJC","CS_JC_2ndcross","CS_JC","none","A","2ndcross",2013-09-20,2014-10-23 08:26:27,3.76499999761581,17.6122386054162,510.940185142086,7.08158436814836,0.392050734356863,38.1142097248431,3.14999997615814,1.5,5.04648074688758,36.8924303275766,1.10000014305115,2.75,5.84329349639615,-0.168539325842697,0.255230125523013,3.45285524787045,13.1313398096326
"2","101_CSBJC","CS_JC_2ndcross","CS_JC","none","B","2ndcross",2013-09-20,2014-10-23 09:23:01,4.99833333094915,13.3093301470623,231.145092263559,11.8844266471337,0.778924701172993,27.0290096637029,2.70000004768372,1.5,6.20206735874362,27.149049658018,2.70000004768372,2.40000009536743,5.00166722479324,-0.152368758002561,-0.568856885688569,0.600200066975189,28.0406947101943
"3","102_CSJC","CS_JC_2ndcross","CS_JC","none","C","2ndcross",2013-09-20,2014-10-23 10:13:03,4.99833333492279,15.9188681804226,368.327126762829,9.29123379297157,0.556088394013322,31.8706235215057,3.79999995231628,0.900000095367432,2.60086695482482,31.8506168240027,1.10000002384186,1.45000004768372,2.80093364365749,0.0261780104712042,-0.540118470651589,1.8006001994941,18.2768605292411
"4","103_CSJC","CS_JC_2ndcross","CS_JC","none","D","2ndcross",2013-09-20,2014-10-23 08:58:40,4.99833333094915,16.5038787271226,717.444774375848,7.54849732248183,0.452146881056341,54.7382462321563,11.3000001907349,1.04999995231628,2.80093364588422,54.2180726213595,17.4499999284744,1.79999995231628,2.20073357890903,-0.0771428571428571,0.173864894795127,3.00100033487595,19.308994765474
"5","104_CSTP","CS_TP_2ndcross","CS_TP","none","A","2ndcross",2013-09-20,2014-10-23 09:10:37,4.99833333094915,15.5501773681151,777.795393334284,6.55529887619025,0.403374778560888,58.2394130987131,6.79999995231628,0.50000011920929,1.60053351193384,58.7795932162303,97,3.04999995231628,0.40013337798346,0.373134328358209,0.570219966159052,4.60153384680979,24.2239840374919
"6","105_CSTP","CS_TP_2ndcross","CS_TP","none","B","2ndcross",2013-09-20,2014-10-23 08:49:46,4.32999999920527,16.1131212138155,455.115116639681,7.40149444296748,0.439701168435704,34.7575057249894,2.89999997615814,3,3.92609699841113,33.7644341973481,1.60000002384186,3.5,4.38799076293008,-0.341463414634146,0.354883081155433,1.84757505807582,14.4668267592718
"7","106_CSTP","CS_TP_2ndcross","CS_TP","none","C","2ndcross",2013-09-20,2014-10-23 08:59:29,4.99833333094915,17.277156673772,794.539731574035,6.59162962335321,0.364812006074663,54.4781594029081,16.3500000238419,1.20000004768372,1.80060020092557,54.1380460697819,16.2000000476837,2.14999997615814,1.60053351193384,0.189423493714781,0.416666666666667,5.4018006027767,17.202591053223
"8","107_CSTP","CS_TP_2ndcross","CS_TP","none","D","2ndcross",2013-09-20,2014-10-23 09:42:54,4.99833333492279,16.1620350911724,812.967926188304,7.58395534397329,0.449498845083994,58.819606564507,39.3999998569489,1.04999995231628,0.800266755330712,58.819606564507,68.6000000238419,1.70000004768372,0.600200066498034,-0.213220475614672,0.436781609195402,2.80093364365749,18.5965199133404
"9","108_CSBVS","CS_BS_2ndcross","CS_BS","none","A","2ndcross",2013-09-20,2014-10-23 09:21:43,4.99833333492279,14.8886867875141,518.828230925096,6.35658234141153,0.386417648104623,45.855284803792,7.54999995231628,0.600000143051147,5.00166722081695,46.1753917730422,19.2999999523163,2.35000014305115,2.80093364365749,-0.327348892878516,-0.33033033033033,4.20140046548624,6.31753109801719
"10","109_CSBvs","CS_BS_2ndcross","CS_BS","none","B","2ndcross",2013-09-20,2014-10-23 08:22:38,4.99833333094915,14.2972057510056,400.366699340465,5.71643303848302,0.383611987461297,35.1517173130865,5.95000004768372,1.64999997615814,3.20106702386768,34.2914304645627,3.34999990463257,3.50000011920929,2.80093364588422,-0.23991195891416,-0.61219512195122,2.60086695689249,12.7590079631144
"11","110_CSBVS","CS_BS_2ndcross","CS_BS","none","C","2ndcross",2013-09-20,2014-10-23 09:54:06,4.99833333094915,16.2253313572053,657.356597668734,6.62661860088872,0.369464125601881,51.3371123284984,8.20000004768372,0.75,3.60120040185114,51.7172389612633,8.99999988079071,1.10000014305115,2.20073357890903,-0.227642276422764,0.304347826086957,5.4018006027767,9.69669835287424
"12","111_CSBVS","CS_BS_2ndcross","CS_BS","none","D","2ndcross",2013-09-20,2014-10-23 09:08:58,4.98166666825612,14.0429159770682,639.790076564432,6.88606921624715,0.455291031911619,56.5071930231216,26.4499999284744,1.89999985694885,1.80662428848346,56.3466042070505,30.1000001430511,1.80000007152557,1.60588825642974,-0.430630630630631,-0.102199223803364,3.61324857696692,11.411235717736
"13","112_CSJC","CS_HS_2ndcross","CS_HS","none","A","2ndcross",2013-09-20,2014-10-23 08:46:56,4.99833333094915,15.0008946453143,638.145574872642,5.94732506182075,0.370192365182958,51.2170725726813,6.40000009536743,2.09999990463257,3.80126709084287,49.8166056066403,7.70000004768372,3.09999990463257,3.40113371285941,-0.310378273520854,-0.404888416578108,4.0013337798346,14.6756503202377
"14","113_CSHS","CS_HS_2ndcross","CS_HS","none","B","2ndcross",2013-09-20,2014-10-23 09:01:33,4.99833333094915,17.5043203812578,703.351363872246,5.35418828743534,0.282689515802924,47.3557851507835,9.20000004768372,2.60000002384186,3.60120040185114,46.9156386639599,11.9000000953674,2.45000004768372,4.0013337798346,-0.37435367114788,0.31711880261927,4.20140046882633,8.38196332208661
"15","114_CSHS","CS_HS_2ndcross","CS_HS","none","C","2ndcross",2013-09-20,2014-10-23 09:07:50,4.97833333015442,10.8642467972323,174.942796045308,9.35072789822006,0.787054728913289,32.1794442406885,17.9000000953674,0.900000095367432,2.20957482564929,33.1837964820567,28.4500000476837,7.74999988079071,0.80348175478156,-0.377260981912145,-0.625620207487596,1.20522263217234,9.58109394045136
"16","115_CSHS","CS_HS_2ndcross","CS_HS","none","D","2ndcross",2013-09-20,2014-10-23 10:03:23,4.99833333094915,15.0400845157097,333.161620425231,5.9165218002113,0.361686820683991,28.5095030859223,5,4.40000009536743,4.20140046882633,27.4891630865435,4.15000009536743,5.70000004768372,4.40146715781806,-0.397769516728625,-0.738453554748313,1.80060020092557,7.07442556349231
"17","116_CSTZ","CS_TZ_2ndcross","CS_TZ","none","A","2ndcross",2013-09-20,2014-10-23 09:02:35,4.99833333094915,16.4458535986374,559.448643819633,6.6415191380091,0.370782071300769,39.6132044680621,11.6999999284744,0.74999988079071,2.0006668899173,39.4131377313708,9.14999997615814,1.39999985694885,1.80060020092557,0.436341161928307,-0.467148014440433,2.80093364588422,29.8137906343903
"18","117_CSTZ","CS_TZ_2ndcross","CS_TZ","none","B","2ndcross",2013-09-20,2014-10-23 09:12:13,4.99833333094915,12.896540339053,60.2270539197681,11.6131908545589,0.82839549502646,7.08236080938708,1.29999995231628,4,2.20073357890903,7.10236750690602,0.550000071525574,11.3999998569489,3.80126709084287,0.323809523809524,-0.910490511994271,0,33.5986150045939
"19","118_CSTZ","CS_TZ_2ndcross","CS_TZ","none","C","2ndcross",2013-09-20,2014-10-23 09:27:26,4.99833333094915,21.6350837464293,832.369508706354,5.74553668643794,0.24687917640193,53.6978993444601,3.89999997615814,0.700000047683716,5.80193398076016,54.0180059800674,7.89999997615814,1.29999995231628,3.80126709084287,-0.0336633663366337,0.72736520854527,6.20206735874362,10.5046372214744
"20","119_CSTZ","CS_TZ_2ndcross","CS_TZ","none","D","2ndcross",2013-09-20,2014-10-23 09:55:02,4.99833333094915,14.7033046398303,523.296728951988,7.74348162895568,0.491716412188396,46.2554185521275,6.20000004768372,1.15000009536743,4.40146715781806,45.3951316559041,5.39999997615814,2,4.20140046882633,0.380165289256198,0.141329258976318,2.40080026790076,27.9814019772269
"21","120_CSJC","CS_JC_2ndcross","CS_JC","none","A","2ndcross",2013-09-20,2014-10-23 10:33:57,4.99833333094915,16.4713165484482,641.470823147478,7.42486007117952,0.428534493326206,49.3564520884004,6.20000004768372,0.799999952316284,3.80126709084287,48.3961319430804,4.05000007152557,1.5,4.20140046882633,-0.0361842105263158,-0.228159457167091,3.00100033487595,20.9974997743611
"22","121_CSBJC","CS_JC_2ndcross","CS_JC","none","B","2ndcross",2013-09-20,2014-10-23 09:38:02,4.99833333492279,18.0458378949957,685.768451688905,7.90810690649329,0.408730368263892,51.1570523440557,3.64999997615814,0.600000143051147,5.80193397614766,49.5565189287935,2.04999995231628,1.59999990463257,4.20140046548624,0.1456844420011,0.314189189189189,3.40113371015553,24.9800270387978
"23","122_CSJC","CS_JC_2ndcross","CS_JC","none","D","2ndcross",2013-09-20,2014-10-23 10:25:33,4.99833333492279,15.8208310468211,500.481894283826,7.42417076553079,0.450754026886577,44.194731629918,2.60000002384186,1.29999995231628,8.00266755330712,41.6338779270005,2.10000002384186,1.79999995231628,7.60253417564177,-0.0747474747474747,-0.121212121212121,2.40080026599214,20.9233256382223
"24","123_CSBTP","CS_TP_2ndcross","CS_TP","none","A","2ndcross",2013-09-20,2014-10-23 09:45:46,4.99833333492279,15.2803956461713,491.485263007502,8.44485159234094,0.524014481848743,40.993664513196,5.24999988079071,1.44999992847443,5.60186728731499,38.6728909895164,2,2.20000004768372,5.80193397614766,0.201037613488975,-0.122518822724162,2.40080026599214,25.3065742899313
"25","124_CSTP","CS_TP_2ndcross","CS_TP","none","B","2ndcross",2013-09-20,2014-10-23 10:09:59,4.99833333094915,16.9964861103179,602.665440152842,8.11011777892354,0.452995054789705,45.0750249248976,11.2000000476837,1.40000009536743,3.00100033487595,44.434811653683,2.29999995231628,2.19999992847443,3.60120040185114,0.389277389277389,0.633255633255633,3.00100033487595,32.7917086500816
"26","125_CSTP","CS_TP_2ndcross","CS_TP","none","C","2ndcross",2013-09-20,2014-10-23 10:32:20,4.99833333094915,15.9714383814351,772.396290471139,6.96620732727819,0.421364081933737,54.6782261395994,21.6000000238419,1.70000004768372,1.40046682294211,54.1780593217209,18.7999999523163,2.45000004768372,1.60053351193384,0.214921576939381,0.894409937888199,4.80160053580151,18.1691949282689
"27","126_CSBVS","CS_BS_2ndcross","CS_BS","none","A","2ndcross",2013-09-20,2014-10-23 10:25:34,4.99833333094915,12.6565203927077,450.476140389751,7.69140750022963,0.555074804831785,51.1370455918071,3.20000004768372,1.30000007152557,4.80160053580151,50.2167389846238,2.59999990463257,2,4.60153384680979,-0.299347954949615,-0.139817629179331,3.00100033487595,15.4865667302054
"28","127_CSBVS","CS_BS_2ndcross","CS_BS","none","B","2ndcross",2013-09-20,2014-10-23 09:58:00,4.99833333492279,17.3626962342324,710.185764991569,6.25425326649773,0.333756956969838,48.2760920534849,16.7000000476837,2.75,2.00066688832678,47.7159052865937,11.7999999523163,4.60000014305115,2.20073357715946,-0.265368852459016,-0.290199809705043,3.40113371015553,17.4897624921563
"29","128_CSTZ","CS_TZ_2ndcross","CS_TZ","none","A","2ndcross",2013-09-20,2014-10-23 10:05:28,4.99833333094915,16.4501324692721,283.521069218392,7.37160861265437,0.421996240914548,20.3467822322992,45.5,46.2999999523163,0.600200066975189,20.3267755824799,0.100000143051147,12.0499999523163,1.60053351193384,0.311881188118812,0.551708428246014,1.40046682294211,25.2873671108866
"30","129_CSTZ","CS_TZ_2ndcross","CS_TZ","none","B","2ndcross",2013-09-20,2014-10-23 10:26:37,4.99833333094915,15.1424400359778,550.273448655759,8.13010235415576,0.498688747101624,42.9343114385454,40.5,7.29999995231628,1.00033344495865,43.1943981246947,9.20000004768372,23.1499999761581,0.800266755966919,0.77560414269275,0.36600790513834,2.40080026790076,44.7461056581852
"31","130_CSTZ","CS_TZ_2ndcross","CS_TZ","none","C","2ndcross",2013-09-20,2014-10-23 10:24:54,4.99833333492279,16.4412787167993,718.485578812123,7.29914751273788,0.407903472440293,54.9383127820732,7,0.799999952316284,2.60086695482482,55.2584195128252,7.60000014305115,1.79999995231628,1.60053351066142,0.158931082981716,0.829885057471264,4.40146715431892,16.8083179973994
"32","131_CSTZ","CS_TZ_2ndcross","CS_TZ","none","D","2ndcross",2013-09-20,2014-10-23 10:32:51,4.99833333492279,16.4092037755439,489.699153026583,6.71172445301234,0.387694463609609,36.1920640766109,19.9499999284744,4.94999992847443,1.60053351066142,35.7919306035463,8.74999988079071,5.10000002384186,2.00066688832678,0.075224292615597,-0.157014157014157,2.20073357715946,19.1566756811405
"33","132_CSJC","CS_JC_2ndcross","CS_JC","none","A","2ndcross",2013-09-26,2014-10-23 15:24:20,4.99833333094915,9.42844536286438,2.6851132046579,26.3236798557633,2.30794334355972,0.320106683306921,1.59999990463257,148.649999976158,0.40013337798346,0.460153375141055,0.100000023841858,26.3000001907349,1.80060020092557,-0.875,-0.999330431871443,0,21.1816734157854
"34","133_CSJC","CS_JC_2ndcross","CS_JC","none","B","2ndcross",2013-09-26,2014-10-23 15:39:58,4.99833333094915,18.7399411333501,331.782623237523,7.33729051252688,0.370691484668902,24.3081026647956,4.90000009536743,3.79999995231628,3.40113371285941,23.1677225280028,2,5.80000019073486,3.40113371285941,0.1280276816609,-0.209737827715356,1.00033344495865,29.8512325793223
"35","134_CSJC","CS_JC_2ndcross","CS_JC","none","C","2ndcross",2013-09-26,2014-10-23 15:39:34,4.99833333492279,17.2576717972553,135.484593189518,6.96032395743639,0.365307322046556,11.4238079132661,1.49999988079071,1.90000009536743,5.00166722081695,10.163388164757,0.5,2.69999980926514,7.40246748680909,-0.0523560209424084,-0.000381533765738268,0.600200066498034,15.2772527502777
"36","135_CSJC","CS_JC_2ndcross","CS_JC","none","D","2ndcross",2013-09-26,2014-10-23 15:51:12,4.99833333094915,17.18182685281,353.970672780586,8.3884570042284,0.456812351803201,29.2497499401308,2.44999992847443,2.79999995231628,6.40213404773535,27.6092028900602,1.69999980926514,3.30000019073486,7.80260087067746,-0.315628192032686,-0.754940711462451,0.600200066975189,23.8520245180689
"37","136_CSTP","CS_TP_2ndcross","CS_TP","none","A","2ndcross",2013-09-26,2014-10-23 16:10:36,4.99833333492279,13.2731756646973,424.555242345416,8.52774683078443,0.609718466457792,46.6755585428235,8.59999990463257,0.799999952316284,4.20140046548624,47.2357452143154,16.4000000953674,1.85000002384186,2.80093364365749,0.17268548916612,0.266216216216216,1.20040013299607,25.3070506336939
"38","137_CSTP","CS_TP_2ndcross","CS_TP","none","B","2ndcross",2013-09-26,2014-10-23 15:23:09,4.99833333492279,16.9829145681381,622.850991547593,8.59558347505554,0.485770727881548,44.4948316154674,11.8500001430511,1.89999997615814,2.80093364365749,43.4344780310953,2.19999980926514,2.40000009536743,3.80126708782088,0.178888888888889,-0.0822942643391521,0.400133377665356,34.8280008772304
"39","138_CSTP","CS_TP_2ndcross","CS_TP","none","C","2ndcross",2013-09-26,2014-10-23 15:33:06,4.99833333094915,14.9235308898783,392.965722056282,7.72771836150067,0.472080381155153,36.6722241780434,4.45000004768372,2.09999990463257,5.4018006027767,34.4314771563969,3.14999997615814,2.5,5.4018006027767,-0.0294820717131474,0.32837528604119,2.0006668899173,24.5959675571145
"40","139_CSTP","CS_TP_2ndcross","CS_TP","none","D","2ndcross",2013-09-26,2014-10-23 15:40:21,4.99833333492279,12.8007164753882,87.4580423316379,8.59249405773326,0.688380249210192,10.0433477889404,3.39999985694885,15.3999999761581,2.40080026599214,10.5835277629293,0.100000143051147,8.20000004768372,4.6015338431516,0.524096385542169,-0.0408086858854362,0,57.4075510751225
"41","140_CSBVS","CS_BS_2ndcross","CS_BS","none","A","2ndcross",2013-09-26,2014-10-23 15:51:34,4.99833333094915,12.391783789074,77.6762087203251,9.5036394420965,0.608776794364069,11.1237081273584,1.35000014305115,4.09999990463257,5.4018006027767,9.60320107160303,1.29999995231628,4.34999990463257,5.20173391378497,-0.772241992882562,-0.875091844232182,0,13.5005139699982
"42","141_CSBVS","CS_BS_2ndcross","CS_BS","none","B","2ndcross",2013-09-26,2014-10-23 16:00:50,4.99833333492279,18.6025518981392,773.661032315531,6.25394667059867,0.31913564733001,50.0566855077764,13.5,1.30000019073486,2.60086695482482,49.4164721893711,14.6999999284744,3,2.20073357715946,-0.204249154997586,0.00858369098712446,5.60186728731499,9.90586707398796
"43","142_CSBVS","CS_BS_2ndcross","CS_BS","none","C","2ndcross",2013-09-26,2014-10-23 16:01:43,4.99833333094915,13.6842659904406,230.145271068813,8.92326491941261,0.613838584924762,23.8279426875348,2.90000009536743,1.15000009536743,6.80226742571881,25.188396115439,2.29999995231628,2.10000014305115,6.60220073672708,-0.5075,-0.882886972310486,0.600200066975189,10.5226309693147
"44","143_CSBVS","CS_BS_2ndcross","CS_BS","none","D","2ndcross",2013-09-26,2014-10-23 15:21:14,4.99833333492279,16.9949829504225,646.873026405487,6.10133178523599,0.318076470891064,45.2350783259887,30.3000001907349,1.20000016689301,1.20040013299607,45.2350783736883,31.5,4.79999995231628,1.00033344416339,-0.329113924050633,-0.457994579945799,5.00166722081695,6.20886752090882
"45","144_CSHS","CS_HS_2ndcross","CS_HS","none","A","2ndcross",2013-09-26,2014-10-23 16:03:27,4.99833333492279,10.0338907122199,8.118342139762,8.54944825503284,0.704344454177596,1.44048012143559,1.94999992847443,89.9000000953674,1.00033344416339,1.52050676834889,0.899999976158142,38.2000000476837,1.40046682182875,0.487179487179487,-0.939946018893387,0,1.4595652168044
"46","145_CSHS","CS_HS_2ndcross","CS_HS","none","B","2ndcross",2013-09-26,2014-10-23 16:09:46,4.99833333492279,15.5677336848189,629.704783788046,6.80437279196662,0.409973344793065,49.4564856320768,6.40000009536743,1.10000014305115,5.00166722081695,48.1160389027572,4.10000014305115,1.59999990463257,5.00166722081695,-0.432377049180328,-0.0580399619410086,3.40113371015553,11.8776608281169
"47","146_CSHS","CS_HS_2ndcross","CS_HS","none","C","2ndcross",2013-09-26,2014-10-23 15:20:07,4.99833333492279,14.0840322402318,272.421748728588,7.40847572169154,0.486883941259843,26.2287429345839,2.80000007152557,1.59999990463257,6.60220073147838,27.489163160089,2.70000004768372,2.69999992847443,6.80226742031105,-0.323851203501094,-0.414073719483006,1.60053351066142,11.6453075620946
"48","147_CSHS","CS_HS_2ndcross","CS_HS","none","D","2ndcross",2013-09-26,2014-10-23 15:30:32,4.98999999761581,15.8151312395574,558.4526780147,7.04238392489759,0.406081024979416,42.3246493283755,6.64999997615814,0.899999976158142,3.2064128271833,42.0440882824438,10.5,1.79999995231628,2.20440881868852,-0.349827387802071,-0.389240506329114,3.80761523228017,9.27034394822262
"49","148_CSTZ","CS_TZ_2ndcross","CS_TZ","none","A","2ndcross",2013-09-26,2014-10-23 15:34:15,4.99833333094915,13.5928130530715,168.549588483237,9.69674403014963,0.665763633548322,19.1863954933867,5.10000014305115,0.700000047683716,3.80126709084287,19.2464155382439,3.39999985694885,2.90000009536743,3.00100033487595,0.698046181172291,0.972131147540984,0.800266755966919,31.9335622777631
"50","149_CSTZ","CS_TZ_2ndcross","CS_TZ","none","B","2ndcross",2013-09-26,2014-10-23 15:53:59,4.99833333094915,13.1728512328921,178.341824308406,8.66349925215281,0.607274274509381,18.4061352918399,5,0.700000047683716,2.40080026790076,18.9663220114768,11.8499999046326,1.20000004768372,1.40046682294211,0.601255886970173,-0.707523245984784,0.600200066975189,41.3187252604016
"51","150_CSTZ","CS_TZ_2ndcross","CS_TZ","none","C","2ndcross",2013-09-26,2014-10-23 15:54:48,4.99833333492279,13.6478024278198,440.705827116927,7.59915526303589,0.494750465541649,43.294431530171,5.89999985694885,1,5.40180059848231,42.7342446678806,6.40000009536743,1.80000019073486,5.00166722081695,0.842141386410432,0.794307891332471,1.8006001994941,44.5226944114581
"52","151_CSTZ","CS_TZ_2ndcross","CS_TZ","none","D","2ndcross",2013-09-26,2014-10-23 16:04:02,4.99833333094915,14.0721503980028,228.789846330458,8.92620587619481,0.572267192781917,23.3477826625744,4.85000002384186,1.49999988079071,3.20106702386768,23.5078359088286,4.70000016689301,2.5,2.60086695689249,0.569587628865979,-0.501571621014818,0.600200066975189,32.9246555263059
"53","152_CSJC","CS_JC_2ndcross","CS_JC","none","A","2ndcross",2013-09-26,2014-10-23 16:52:30,4.98166666428248,16.5380894148382,516.06932503155,6.96627657606253,0.397303916119254,44.0615589273594,3.29999995231628,1.5,7.02576112748425,41.753094748337,1.79999995231628,1.75,7.22649715969809,-0.087525844245348,0.0905562742561449,2.8103044509937,17.5696036014816
"54","153_CSJC","CS_JC_2ndcross","CS_JC","none","B","2ndcross",2013-09-26,2014-10-23 17:18:04,4.99833333492279,18.5930623439452,572.628467592686,7.9073225802792,0.396038682999971,41.8139378706305,6.10000014305115,1.90000009536743,4.6015338431516,41.3537845435549,7.20000004768372,2,4.20140046548624,0.465708687132593,0.260869565217391,2.80093364365749,29.9021235830513
"55","154_CSJC","CS_JC_2ndcross","CS_JC","none","D","2ndcross",2013-09-26,2014-10-23 16:21:52,4.99833333492279,17.373294799588,420.61136459596,9.2163217838595,0.502874282920304,32.9109703129755,1.90000009536743,1.09999990463257,5.60186728731499,30.9503169150541,1,1.95000004768372,6.4021340426457,0.369230769230769,0.653027823240589,1.8006001994941,27.530600799207
"56","155_CSTP","CS_TP_2ndcross","CS_TP","none","A","2ndcross",2013-09-26,2014-10-23 16:28:53,4.99833333492279,12.2552590588863,134.895945077424,7.27500495788935,0.528942846528109,16.8256083686495,1.04999995231628,1.40000009536743,5.40180059848231,17.4858286707555,0.600000023841858,1.79999995231628,5.80193397614766,-0.0040650406504065,0.712465153325368,0.800266755330712,18.0133762049195
"57","156_CSTP","CS_TP_2ndcross","CS_TP","none","B","2ndcross",2013-09-26,2014-10-23 16:46:27,4.99833333094915,13.8695432682906,205.694421641334,9.96756803619268,0.690287002422563,23.3877960099127,2.25000011920929,2.09999990463257,7.00233411471054,22.1273757357059,1.5,2.84999990463257,6.80226742571881,0.42296918767507,0.886413280908694,0.600200066975189,33.5675778615533
"58","157_CSTP","CS_TP_2ndcross","CS_TP","none","C","2ndcross",2013-09-26,2014-10-23 16:16:50,4.99833333492279,15.1279127884522,368.973337222426,7.80160070467269,0.481961558077527,35.0316771955221,3.59999990463257,1.95000004768372,6.00200066498034,33.8512836646298,3.25,2.59999990463257,5.40180059848231,0.263157894736842,-0.20986301369863,0.800266755330712,24.9866166492973
"59","158_CSTP","CS_TP_2ndcross","CS_TP","none","D","2ndcross",2013-09-26,2014-10-23 16:37:55,4.99833333094915,13.5607805231857,285.381370454901,7.31026711705919,0.489442173852863,29.3897965842653,5.59999990463257,2,4.20140046882633,29.3297765871077,5.54999995231628,2.40000009536743,3.60120040185114,-0.192807192807193,0.541458541458541,0.600200066975189,15.0142370020877
"60","159_CSBVS","CS_BS_2ndcross","CS_BS","none","A","2ndcross",2013-09-26,2014-10-23 16:18:46,4.99833333094915,15.9488732220967,77.7029603577568,6.86983418594091,0.390902323516992,5.9419806725943,4.20000004768372,5.20000004768372,1.40046682294211,6.20206721564478,0.100000143051147,4.5,4.60153384680979,-0.327433628318584,-0.944544472452287,0.20006668899173,9.10855154190096
"61","160_CSBVS","CS_BS_2ndcross","CS_BS","none","B","2ndcross",2013-09-26,2014-10-23 16:53:40,4.99833333094915,15.0347299087798,520.230401147341,7.36613693692279,0.456857414870744,43.9146382813843,2.20000004768372,3,3.40113371285941,42.4741580634043,1.25,1.94999992847443,4.40146715781806,-0.291543465405086,0.0503048780487805,4.20140046882633,13.868473169487
"62","161_CSBVS","CS_BS_2ndcross","CS_BS","none","C","2ndcross",2013-09-26,2014-10-23 16:59:27,4.99833333094915,15.7232035718447,595.534334691356,5.93748741446136,0.346972605190587,50.2967655839011,6.54999995231628,0.700000047683716,6.40213404773535,49.2564189824026,6,2.09999990463257,4.60153384680979,-0.337655321447866,-0.116319444444444,4.80160053580151,5.01164748291997
"63","162_CSBVS","CS_BS_2ndcross","CS_BS","none","D","2ndcross",2013-09-26,2014-10-23 16:30:34,4.99833333094915,12.1110405834992,333.200286394518,9.05055056779689,0.680284700880964,40.5535176773651,6.79999995231628,1.95000004768372,5.20173391378497,41.0736911927626,8.09999990463257,4.64999997615814,3.60120040185114,-0.350943396226415,-0.625744934445769,1.00033344495865,10.336436333976
"64","163_CSHS","CS_HS_2ndcross","CS_HS","none","A","2ndcross",2013-09-26,2014-10-23 16:35:04,4.99833333094915,17.4641019102159,632.053621480787,4.79733887676836,0.259035057912813,44.3747916088257,5.59999990463257,1.29999995231628,5.60186729176843,45.6552182466542,1.70000004768372,2.45000004768372,4.40146715781806,-0.34979896611143,0.55784469096672,3.60120040185114,10.3529003145867
"65","164_CSHS","CS_HS_2ndcross","CS_HS","none","B","2ndcross",2013-09-26,2014-10-23 16:37:36,4.99833333492279,15.7305993278718,559.048862082611,6.53218858848439,0.389811300535629,41.9939979096597,7.44999992847443,2.30000019073486,3.40113371015553,40.9736579110922,5.85000002384186,3.10000014305115,4.20140046548624,-0.52463768115942,-0.538341158059468,2.40080026599214,14.8927065011003
"66","165_CSHS","CS_HS_2ndcross","CS_HS","none","C","2ndcross",2013-09-26,2014-10-23 16:50:05,4.99833333094915,15.5248581155334,453.5537650841,5.70436601226108,0.353531577046299,36.8122706313794,6.45000004768372,2,5.4018006027767,35.6318772903472,6.20000004768372,2.30000007152557,5.60186729176843,-0.265536723163842,0.0787649653434152,3.40113371285941,11.6404670949391
"67","166_CSHS","CS_HS_2ndcross","CS_HS","none","D","2ndcross",2013-09-26,2014-10-23 16:51:05,4.99833333094915,13.9382326282351,278.150114051533,6.71179299384564,0.458804864268514,25.2284094150777,5.65000009536743,5.90000009536743,3.20106702386768,25.0683560257246,4.34999990463257,4.60000002384186,3.60120040185114,-0.263267429760666,-0.545543584720862,1.00033344495865,28.0863413503429
"68","167_CSBVS","CS_BS_2ndcross","CS_BS","none","D","2ndcross",2013-09-26,2014-10-23 17:00:15,4.99833333492279,16.3899069771836,677.050996325461,7.36328613996342,0.406374287133994,52.5775259110871,14.2999999523163,0.599999904632568,2.60086695482482,51.9773258922887,23.9000000953674,1.99999988079071,2.00066688832678,-0.249136655155402,-0.217213114754098,4.6015338431516,12.9404438801995
"69","168_CSTP","CS_TP_2ndcross","CS_TP","none","C","2ndcross",2013-09-26,2014-10-23 17:07:49,4.99833333094915,15.3533193447345,547.891916727424,8.26416841852215,0.520423355055637,46.6555519301109,8.85000002384186,1.09999990463257,4.0013337798346,45.8552851264444,2.80000007152557,1.94999992847443,4.0013337798346,0.318260869565217,0.663536776212833,2.0006668899173,32.8215608323941
"70","169_CS_TP","CS_TP_1stcross","CS_TP","none","old","1stcross",2012-02-08,2014-10-23 13:43:18,4.99833333094915,13.9860613418418,556.033154851283,8.93633447067753,0.604247867771074,50.2367455867435,4.69999992847443,2,2.60086695689249,49.976658805195,3.5,2.19999980926514,3.00100033487595,0.0541666666666667,0.427516158818098,1.00033344495865,35.1124123156597
"71","170_CS_TZ","CS_TZ_1stcross","CS_TZ","none","old","1stcross",2012-02-08,2014-10-23 15:22:47,4.99833333094915,15.7133788364596,660.882492238836,6.44382644876196,0.38673067581611,46.5155051428776,25.3999998569489,0.799999952316284,1.60053351193384,46.6155383919742,34.0999999046326,5.65000009536743,1.20040013395038,0.575435203094778,0.993582887700535,2.80093364588422,32.2780483587461
"72","171_CS_HS","CS_HS_1stcross","CS_HS","none","old","1stcross",2012-02-08,2014-10-23 15:37:42,4.99833333094915,14.8241083709611,680.4752858563,6.19142561827406,0.403576456466198,54.5781926997044,16.0499999523163,1.79999995231628,1.40046682294211,54.338112711074,15.6499999761581,3.40000009536743,1.40046682294211,-0.449800973020787,-0.175202156334232,3.40113371285941,17.8513724778289
"73","172_CS_BvS","CS_BS_1stcross","CS_BS","none","old","1stcross",2012-02-08,2014-10-23 13:31:30,4.99833333094915,15.3984863785534,554.777162035534,7.11899523768906,0.437696172642168,44.8949649811244,11.2999999523163,0.649999976158142,4.0013337798346,45.1150383676351,15.2000000476837,2.20000004768372,2.60086695689249,-0.297297297297297,0.553382233088835,2.40080026790076,9.7803069003466
"74","173_CS_JC","CS_JC_1stcross","CS_JC","none","old","1stcross",2012-02-08,2014-10-23 15:30:48,4.99833333094915,16.0355542723388,596.558487636564,7.40057494727289,0.457856203965189,44.5748582978175,8.39999985694885,5.65000009536743,1.20040013395038,44.654884992494,2.89999985694885,5.04999995231628,1.60053351193384,-0.0584450402144772,-0.391915641476274,2.60086695689249,17.7606835631277
"75","174_CS_TP","CS_TP_1stcross","CS_TP","none","old","1stcross",2012-02-08,2014-10-23 16:15:10,4.99500000079473,16.9615155403158,586.769065110316,6.69890688993955,0.379371592967417,43.8638639332552,5.35000002384186,1.60000002384186,4.40440440370364,43.0630630848504,3.09999990463257,2.5,4.2042042035353,0.185882352941176,0.769408147578786,3.00300300252521,20.1341557622766
"76","175_CS_TZ","CS_TZ_1stcross","CS_TZ","none","old","1stcross",2012-02-08,2014-10-23 16:08:17,4.99833333094915,14.574637974647,638.596364234361,6.4924572837081,0.421542523805511,53.0976992774849,10.9500000476837,0.700000047683716,3.40113371285941,52.9376458404322,12.6000000238419,1.80000019073486,2.20073357890903,0.279411764705882,0.920193470374849,3.40113371285941,23.5823534106456
"77","176_CS_HS","CS_HS_1stcross","CS_HS","none","old","1stcross",2012-02-08,2014-10-23 16:36:24,4.99833333094915,14.6670790517895,715.948586365928,5.74718080493435,0.375508947635175,55.7385794863165,5.89999985694885,1.44999992847443,2.0006668899173,55.2784261111754,1.70000004768372,2.44999992847443,1.60053351193384,-0.216922438822066,0.310810810810811,5.20173391378497,10.6898647178656
"78","177_CS_BvS","CS_BS_1stcross","CS_BS","none","old","1stcross",2012-02-08,2014-10-23 16:30:26,4.99833333492279,11.1831816083075,295.564621064767,8.58954758151047,0.685841999534026,36.0920305890957,5.99999988079071,1.19999980926514,3.40113371015553,35.9519840881714,4.65000009536743,2,2.60086695482482,-0.0699186991869919,0.692047377326565,1.8006001994941,15.9578942277832
"79","178_CS_JC","CS_JC_1stcross","CS_JC","none","old","1stcross",2012-02-08,2014-10-23 16:54:30,4.99833333094915,14.7949501262042,384.365226442062,9.2281043930391,0.603128895196999,34.5915305457499,2.30000019073486,1.34999990463257,5.20173391378497,33.4711570110769,0.799999952316284,2.30000007152557,7.20240080370227,-0.269139700078927,-0.615207373271889,1.40046682294211,23.9289368479023
"80","179_CS_TP","CS_TP_1stcross","CS_TP","none","old","1stcross",2012-02-08,2014-10-23 17:13:31,4.98166666825612,16.4348856326745,669.850566791902,7.74726465294654,0.459000285174351,49.4613584128982,12.1500000953674,1.79999995231628,2.81030444875205,49.1803279010201,2.20000004768372,2.70000004768372,3.41251254491321,0.746633416458853,0.993975903614458,3.21177651285949,33.7912786489766
"81","180_CS_TZ","CS_TZ_1stcross","CS_TZ","none","old","1stcross",2012-02-08,2014-10-23 17:35:57,4.99833333094915,15.2678025456772,658.786259689126,6.88104840212131,0.430705840286032,53.437812515212,8.89999997615814,1,2.20073357890903,54.1180392291641,5.79999995231628,2.65000009536743,1.20040013395038,-0.0336763330215154,0.780346820809249,4.80160053580151,20.1212475582819
"82","181_CS_HS","CS_HS_1stcross","CS_HS","none","old","1stcross",2012-02-08,2014-10-23 17:20:10,4.99833333094915,12.1481770958885,404.423814380178,8.78116273438554,0.677023741220986,48.6762254698476,2.45000004768372,0.900000095367432,7.80260087067746,46.9756585180186,1.84999990463257,1.40000009536743,6.60220073672708,-0.445,-0.194583036350677,2.60086695689249,12.4400911273408
"83","182_CS_BvS","CS_BS_1stcross","CS_BS","none","old","1stcross",2012-02-08,2014-10-23 17:05:12,4.99833333094915,15.8763161051239,634.584673431693,6.43990850421539,0.38549290883165,47.7959319715045,5,1.39999985694885,3.80126709084287,45.7552518773478,4.10000014305115,2.09999990463257,3.80126709084287,-0.285063291139241,-0.398832684824903,5.00166722479324,17.2965222280525
"84","183_CS_JC","CS_JC_1stcross","CS_JC","none","old","1stcross",2012-02-08,2014-10-23 17:30:23,4.99833333094915,17.9710045683641,555.869889398988,7.13189279917971,0.376794812870016,38.3927975411936,4.09999990463257,1.79999995231628,3.80126709084287,37.992664306309,1.60000014305115,2.54999995231628,4.0013337798346,0.263427109974425,0.299513551077137,2.60086695689249,18.3539034238629
"85","184_CS_TP","CS_TP_1stcross","CS_TP","none","old","1stcross",2012-02-09,2014-10-23 15:52:25,4.99833333492279,15.1926234899312,556.46302233439,6.77113261487924,0.432411509841257,49.376458794365,3.79999995231628,1.60000002384186,5.60186728731499,48.3961319046058,3.69999980926514,2.45000004768372,4.40146715431892,0.20920278223649,0.948853615520282,3.00100033249017,20.9337305934721
"86","185_CS_TZ","CS_TZ_1stcross","CS_TZ","none","old","1stcross",2012-02-09,2014-10-23 15:30:30,4.99833333094915,13.8707038952616,438.424073397054,7.11403424692704,0.487625703070216,43.0343447830412,4.74999988079071,0.600000023841858,3.60120040185114,44.2947648664496,11.2999999523163,3.15000009536743,2.0006668899173,0.430582213691619,0.911111111111111,2.20073357890903,23.3452290191311
"87","186_CS_HS","CS_HS_1stcross","CS_HS","none","old","1stcross",2012-02-09,2014-10-23 16:21:12,4.99833333094915,12.4101177650872,657.520093019186,7.62688198473517,0.572545843045144,59.5398466248589,148.799999952316,1.29999995231628,0.20006668899173,59.6398799216552,149.049999833107,1.80000019073486,0.20006668899173,-0.345579793340987,0.512820512820513,4.80160053580151,9.69587481916629
"88","187_CS_BvS","CS_BS_1stcross","CS_BS","none","old","1stcross",2012-02-09,2014-10-23 16:01:10,4.99833333492279,15.7580685195642,763.403703583431,5.65631153771579,0.34915658598164,57.7392464257307,50.6499999761581,0.700000047683716,1.00033344416339,57.4791597397881,50.5,1.20000004768372,1.00033344416339,-0.213262382316824,0.935714285714286,6.00200066498034,13.7399876835485
"89","188_CS_JC","CS_JC_1stcross","CS_JC","none","old","1stcross",2012-02-09,2014-10-23 16:12:55,4.99833333094915,12.9252977266091,476.95363174217,7.96607786778596,0.583992713771728,48.2960987416834,1.65000009536743,1.39999985694885,4.20140046882633,48.5561854278327,0.700000047683716,2.5,3.40113371285941,0.291278113000549,-0.120338983050847,1.80060020092557,22.16446903001
"90","189_CS_TP","CS_TP_1stcross","CS_TP","none","old","1stcross",2012-02-09,2014-10-23 16:45:40,4.99833333094915,17.4087822680564,744.896173688111,6.21220379364394,0.346262545611655,51.6772257093243,14.5,2.19999992847443,2.80093364588422,51.2570856815215,16.2999999523163,2.70000004768372,2.40080026790076,0.211151736745887,0.550920245398773,3.00100033487595,20.5182451485512
"91","190_CS_TZ","CS_TZ_1stcross","CS_TZ","none","old","1stcross",2012-02-09,2014-10-23 16:52:37,4.99833333492279,15.0502560264147,606.250439919312,6.38657006652261,0.408078175215557,51.8172725507625,8.00000011920929,1,3.80126708782088,51.8172723122644,7.90000009536743,1.75,2.80093364365749,0.558312655086849,0.939271255060729,3.00100033249017,31.3899359661028
"92","191_CS_HS","CS_HS_1stcross","CS_HS","none","old","1stcross",2012-02-09,2014-10-23 16:34:45,4.99833333492279,15.8570062030155,791.709265423154,6.9471318395173,0.414790024488993,57.6792263809212,16.5999999046326,1.30000007152557,1.60053351066142,57.4591530422851,5.40000009536743,2.04999995231628,1.20040013299607,-0.283702213279678,0.617760617760618,5.60186728731499,7.47051291667383
"93","192_CS_BvS","CS_BS_1stcross","CS_BS","none","old","1stcross",2012-02-09,2014-10-23 16:27:36,4.99833333094915,13.6143037974351,420.935143689682,7.25404746962806,0.51393122899525,42.1140379850595,11.2999999523163,0.5,3.00100033487595,42.5541847103812,15.3999998569489,1.5,1.40046682294211,0.0802919708029197,0.422459893048128,2.60086695689249,21.5541429648338
"94","193_CS_JC","CS_JC_1stcross","CS_JC","none","old","1stcross",2012-02-09,2014-10-23 17:05:11,4.99833333094915,15.5107530726868,593.624786662022,7.1404220133163,0.453116313214436,49.0363454050935,6.14999997615814,1,4.60153384680979,46.9956653109368,4.24999988079071,2.10000014305115,5.00166722479324,0.0180319422977846,0.828625235404896,2.80093364588422,18.7941380708517
"95","194_CS_TP","CS_TP_1stcross","CS_TP","none","old","1stcross",2012-02-10,2014-10-23 10:59:39,4.99833333492279,14.1681274381769,563.512015717294,7.0077829448226,0.460784262021853,49.5765255785969,14.5,1.44999992847443,2.80093364365749,48.9163054195898,11.2999999523163,2.79999995231628,2.20073357715946,0.52317880794702,0.936538461538462,3.00100033249017,33.4719004512227
"96","195_CS_TZ","CS_TZ_1stcross","CS_TZ","none","old","1stcross",2012-02-10,2014-10-23 11:06:24,4.99833333094915,14.6663519437285,682.978312554429,7.46124693011753,0.480418040098223,55.1983994641985,7.39999997615814,1.29999995231628,3.00100033487595,55.9186395254889,17.2999999523163,2.14999985694885,2.0006668899173,-0.259555555555556,0.596281540504648,3.60120040185114,13.1299451149424
"97","196_CS_HS","CS_HS_1stcross","CS_HS","none","old","1stcross",2012-02-10,2014-10-23 10:42:45,4.99833333094915,13.5058142393924,573.892685992516,6.27579120270232,0.442208853240885,52.3174391713373,9.29999995231628,1.5,3.40113371285941,51.1770589868449,7.25000011920929,2.20000004768372,3.00100033487595,-0.462601238685088,-0.382743362831858,3.00100033487595,7.92803180006393
"98","197_CS_JC","CS_JC_1stcross","CS_JC","none","old","1stcross",2012-02-10,2014-10-23 10:36:13,4.97333333094915,13.2535657698742,274.934814576661,9.19574347741408,0.639295030134665,30.4423593310388,2.20000004768372,1.20000004768372,8.04289544621497,29.8793564196947,2.29999995231628,2.14999997615814,6.83646112928272,0.137137137137137,0.424287856071964,1.40750670308762,21.0141874199983
"99","198_CS_TP","CS_TP_1stcross","CS_TP","none","old","1stcross",2012-02-10,2014-10-23 14:24:20,4.99833333492279,14.9096469870944,484.66424031201,7.75673005675096,0.476599462289893,40.1733910126626,7.39999985694885,0.950000047683716,2.40080026599214,40.1933979486637,6.60000014305115,3.5,2.60086695482482,0.648612945838838,0.994627266621894,2.40080026599214,26.8279499952733
"100","199_CS_TZ","CS_TZ_1stcross","CS_TZ","none","old","1stcross",2012-02-10,2014-10-23 14:38:19,4.99833333492279,16.0680385801493,702.825041046256,6.68848580849302,0.401627950625269,53.5378459602444,20.2999999523163,1.40000009536743,2.20073357715946,53.0376792858623,19.6000001430511,2.19999980926514,2.20073357715946,0.510483135824977,0.601977750309023,4.40146715431892,33.6748834204137
"101","200_CS_HS","CS_HS_1stcross","CS_HS","none","old","1stcross",2012-02-10,2014-10-23 14:30:38,4.99833333094915,14.4832039659653,754.354713938075,6.62876933816972,0.421635591370482,58.979659905222,56.4500000476837,0.299999952316284,0.600200066975189,58.9396465578838,112.299999952316,2.64999997615814,0.40013337798346,-0.230583501006036,0.467181467181467,6.00200066975189,13.3986182287984
"102","201_CS_BvS","CS_BS_1stcross","CS_BS","none","old","1stcross",2012-02-10,2014-10-23 13:58:48,4.99833333094915,15.2213085009739,539.031382152142,7.4257474327536,0.443035885601516,47.41580529104,9.30000007152557,1.40000009536743,4.20140046882633,45.8752917285641,7.09999990463257,2.04999995231628,4.40146715781806,0.0206185567010309,0.422434367541766,3.20106702386768,15.4915276674989
"103","202_CS_JC","CS_JC_1stcross","CS_JC","none","old","1stcross",2012-02-10,2014-10-23 14:17:49,4.99833333094915,15.2517515323621,311.501907277257,7.58032209687255,0.466006067567697,24.6682226477411,1.79999995231628,2.80000019073486,2.20073357890903,24.0880292782849,0.5,2.80000019073486,3.80126709084287,0.0103092783505155,-0.367437284800787,1.00033344495865,27.8961503691549
"104","203_CS_TP","CS_TP_1stcross","CS_TP","none","old","1stcross",2012-02-10,2014-10-23 14:45:28,4.99833333492279,16.9648577349621,775.355013396099,6.66799909914018,0.383213239483862,54.0580194752284,4.10000014305115,0.949999928474426,2.40080026599214,54.6782260961306,5.29999995231628,1.89999985694885,1.60053351066142,0.7559088955737,0.997041420118343,4.20140046548624,39.2523510566589
"105","204_CS_TZ","CS_TZ_1stcross","CS_TZ","none","old","1stcross",2012-02-10,2014-10-23 15:13:59,4.99833333492279,14.3828497346718,715.622363597132,7.01471826081422,0.464575566237605,56.9189729251973,26.4999998807907,1.29999995231628,1.8006001994941,57.0390130148163,31.1499999761581,1.60000014305115,1.40046682182875,0.375863470134092,0.509225092250922,3.60120039898821,31.0596642617842
"106","205_CS_HS","CS_HS_1stcross","CS_HS","none","old","1stcross",2012-02-10,2014-10-23 15:07:15,4.99833333492279,15.5039494984278,741.47179073839,6.57782893876535,0.408625825326699,57.4591530899847,20.1000000238419,1.04999995231628,1.60053351066142,57.4991663895915,26.3000000715256,1.70000004768372,1.00033344416339,-0.250624479600333,0.773710482529118,5.60186728731499,7.77933022231245
"107","206_CS_BvS","CS_BS_1stcross","CS_BS","none","old","1stcross",2012-02-10,2014-10-23 15:00:51,4.99833333094915,17.4426355985684,806.905631164497,6.43341347623262,0.36104179471784,58.5595198297196,25.3500000238419,0.599999904632568,1.80060020092557,58.9396466055834,36.5500000715256,1.20000004768372,0.600200066975189,-0.23651804670913,0.537037037037037,6.00200066975189,15.2822500219238
"108","207_CS_JC","CS_JC_1stcross","CS_JC","none","old","1stcross",2012-02-10,2014-10-23 14:54:22,4.99833333094915,15.593469452031,502.76255025325,7.6032156943089,0.479925319695238,40.8136045543129,2.70000004768372,1.5,6.20206735874362,38.3327774486367,1.40000009536743,2.35000002384186,6.80226742571881,-0.166769993800372,0.171223021582734,1.40046682294211,20.3697071308093
"109","208_CS_TZ","CS_TZ_1stcross","CS_TZ","none","old","1stcross",2012-02-10,2014-10-23 16:04:57,4.99833333094915,15.1570318704341,747.246367868491,6.1732754759565,0.385911109862655,55.7385794863165,18,1.5,2.20073357890903,55.9186395731885,40.3999998569489,2.35000002384186,1.60053351193384,-0.152361396303901,0.197183098591549,4.60153384680979,19.3162290967032
"110","209_CS_HS","CS_HS_1stcross","CS_HS","none","old","1stcross",2012-02-10,2014-10-23 15:20:44,4.99833333094915,15.5985154603897,732.878368031765,5.39055322108535,0.337422601952481,56.1187060713817,13.4499999284744,0.700000047683716,2.60086695689249,56.0986996123609,7.5,1.50000011920929,2.0006668899173,-0.413617021276596,0.571209800918836,3.20106702386768,5.58068833433622
"111","210_CS_BvS","CS_BS_1stcross","CS_BS","none","old","1stcross",2012-02-10,2014-10-23 16:10:47,4.99833333094915,15.2877431305803,686.477109679074,6.889984026077,0.427069336451013,55.7185727410979,11.9499999284744,0.800000190734863,1.80060020092557,55.5985327944823,7.64999997615814,1.20000004768372,1.40046682294211,-0.158937415578568,0.744245524296675,5.4018006027767,15.688839015729
"112","211_CS_JC","CS_JC_1stcross","CS_JC","none","old","1stcross",2012-02-10,2014-10-23 16:51:12,4.99833333492279,13.0120266471268,364.486757533199,9.50947921755308,0.729402177612817,41.9339778171506,3,1.10000014305115,8.60286761980516,39.5331776465577,2.79999995231628,1.60000014305115,7.20240079797641,0.465530596436871,0.448598130841121,1.40046682182875,33.9975947738016
"113","212_CS_TP","CS_TP_1stcross","CS_TP","none","old","1stcross",2012-03-06,2014-10-23 16:27:40,4.99833333094915,14.7416402568822,451.048783919421,7.51605349570197,0.461937766751149,41.4138046212881,3,1.89999985694885,5.80193398076016,39.5931977228436,2.30000019073486,2.70000004768372,5.80193398076016,0.226165622825331,0.722860791826309,2.60086695689249,14.041224568244
"114","213_CS_TZ","CS_TZ_1stcross","CS_TZ","none","old","1stcross",2012-03-06,2014-10-23 17:06:47,4.99833333094915,14.8570179858551,153.714147428295,6.99288591777125,0.460303685191998,13.1843947759352,2.84999990463257,1.70000004768372,2.60086695689249,12.9243080897859,0.900000095367432,4,3.80126709084287,-0.122736418511066,-0.754189944134078,1.00033344495865,16.9637882838162
"115","214_CS_HS","CS_HS_1stcross","CS_HS","none","old","1stcross",2012-03-06,2014-10-23 16:12:35,4.99833333492279,16.940170595562,609.761060707261,5.73439199896091,0.309234196342585,45.5551851521399,5.05000007152557,1.95000004768372,4.80160053198427,44.2147382797215,2.94999992847443,2.04999995231628,5.60186728731499,-0.302804808242702,0.25,3.00100033249017,10.4700679550626
"116","215_CS_BvS","CS_BS_1stcross","CS_BS","none","old","1stcross",2012-03-06,2014-10-23 16:05:35,4.99833333094915,15.53811915283,254.093479825828,5.91003075404304,0.318666779568662,21.9073023968948,3.10000014305115,3,5.4018006027767,21.1870623356044,1.94999992847443,2.95000004768372,6.80226742571881,-0.273885350318471,-0.48331830477908,1.60053351193384,8.85479154260985
"117","216_CS_JC","CS_JC_1stcross","CS_JC","none","old","1stcross",2012-03-06,2014-10-23 16:21:37,4.99833333492279,15.6009077271207,472.268243911841,5.94821413651322,0.354398927192689,39.2730910083148,2.59999990463257,2.10000002384186,5.60186728731499,38.3927975106715,2.25,2,5.40180059848231,0.257452574525745,0.115913555992141,2.60086695482482,21.348825351173
"118","217_CS_TZ","CS_TZ_1stcross","CS_TZ","none","old","1stcross",2012-03-06,2014-10-23 17:46:30,4.99833333094915,12.3028169715135,319.51574871508,7.40968765648756,0.550202606706979,31.7105701574896,2.59999990463257,3.40000009536743,3.00100033487595,31.8506167539245,0.600000023841858,3.40000009536743,4.60153384680979,-0.348837209302326,-0.480822679266259,2.0006668899173,10.8794264304886
"119","218_CS_HS","CS_HS_1stcross","CS_HS","none","old","1stcross",2012-03-06,2014-10-23 17:26:35,4.99833333094915,18.2970170343802,655.605200600505,5.76144742061993,0.293103015999451,42.2340779793747,5.35000002384186,2.34999990463257,4.0013337798346,40.893631296689,3.95000004768372,2.94999992847443,4.40146715781806,-0.288212069937958,0.0699186991869919,4.80160053580151,9.39967312426825
"120","219_CS_BvS","CS_BS_1stcross","CS_BS","none","old","1stcross",2012-03-06,2014-10-23 17:19:47,4.99833333094915,18.7131720503526,327.195735544103,5.5394947217536,0.289370593499909,22.9476492368913,2.70000004768372,3.70000004768372,4.60153384680979,21.3071023299196,1.95000004768372,4.39999997615814,5.60186729176843,0.252873563218391,0.142991092358181,1.60053351193384,35.4813305758405
"121","220_CS_JC","CS_JC_1stcross","CS_JC","none","old","1stcross",2012-03-06,2014-10-23 17:53:48,4.99833333094915,11.2325149772236,102.402895256395,10.7560737491035,0.91685058135311,13.8046014927297,0.950000047683716,2.94999992847443,6.80226742571881,15.4051351477624,0.700000047683716,3,8.20273424866092,0.22969837587007,0.560653188180404,0.40013337798346,36.0606857231556
"122","221_CS_TP","CS_TP_1stcross","CS_TP","none","old","1stcross",2012-03-06,2014-10-23 17:13:08,4.99833333094915,14.55218066482,550.325361979437,8.49468140217457,0.548842507054978,48.5361786826142,2,1.79999995231628,2.80093364588422,48.2760921872633,1.5,2.35000002384186,3.20106702386768,0.412602739726027,0.514431239388795,2.0006668899173,27.7962222836705
"123","222_CS_TP","CS_TP_1stcross","CS_TP","none","old","1stcross",2012-03-06,2014-10-23 18:51:03,4.99833333094915,17.0425089609695,645.815580074307,6.84903822852926,0.36475134196518,46.3154385492851,4.40000009536743,1.69999980926514,4.60153384680979,44.3347781660882,3.20000004768372,2.10000014305115,5.20173391378497,0.333333333333333,0.338474721508141,2.40080026790076,22.4974570813301
"124","223_CS_TZ","CS_TZ_1stcross","CS_TZ","none","old","1stcross",2012-03-06,2014-10-23 18:13:55,4.99833333094915,17.4430166910056,731.485113920915,6.92016917270546,0.372431412883366,51.4171390231749,10.9000000953674,1.90000009536743,3.60120040185114,50.3167722337204,10.0999999046326,2.39999985694885,3.60120040185114,0.235294117647059,0.474558670820353,4.0013337798346,23.6116965106514
"125","224_CS_HS","CS_HS_1stcross","CS_HS","none","old","1stcross",2012-03-06,2014-10-23 18:35:26,4.99833333492279,16.0599311705812,675.021583146423,5.95813968933072,0.348383909993264,53.1177060281749,10.9000000953674,1.44999992847443,3.60120039898821,53.0576859356658,15.1000000238419,2,2.60086695482482,-0.114423076923077,0.804983748645721,5.00166722081695,14.1424384097249
"126","225_CS_BvS","CS_BS_1stcross","CS_BS","none","old","1stcross",2012-03-06,2014-10-23 18:26:16,4.99833333094915,11.8684753876039,60.5430299228802,8.75894594637752,0.615121464043122,7.88262751765438,1.90000009536743,9.79999995231628,3.00100033487595,7.46248739445237,0.800000071525574,6.40000009536743,4.0013337798346,-0.305084745762712,-0.911095048789302,0.20006668899173,14.118525712292
"127","226_CS_JC","CS_JC_1stcross","CS_JC","none","old","1stcross",2012-03-06,2014-10-23 18:20:19,4.99833333094915,16.434911051056,543.067951825081,6.70691870830901,0.373991653784469,44.6148715974561,3.5,0.650000095367432,4.80160053580151,43.7345783376111,4.70000004768372,1.49999988079071,4.0013337798346,-0.00185758513931889,0.0244956772334294,2.20073357890903,19.2765297608968
